{
	"ambientocclusion": false,
	"textures": {
		"1": "structurize:blocks/shingle_slab/clay_shingle_1",
		"2": "structurize:blocks/shingle_slab/clay_shingle_2",
		"3": "structurize:blocks/shingle_slab/clay_shingle_3",
		"particle": "structurize:blocks/shingle_slab/clay_shingle_1"
	},
	"elements": [
		{
			"name": "shingle_middle_N1",
			"from": [7, 6.98233, 0.80121],
			"to": [16, 9.87233, 9.80121],
			"rotation": {"angle": -22.5, "axis": "x", "origin": [8, 8, 8]},
			"faces": {
				"north": {"uv": [0, 0, 9, 2.89], "texture": "#1"},
				"south": {"uv": [7, 0, 16, 2.89], "texture": "#1"},
				"up": {"uv": [0, 7, 9, 16], "rotation": 180, "texture": "#1"},
				"down": {"uv": [7, 7, 16, 16], "texture": "#2"}
			}
		},
		{
			"name": "shingle_middle_S1",
			"from": [7, 6.98233, 6.19879],
			"to": [16, 9.87233, 15.19879],
			"rotation": {"angle": 22.5, "axis": "x", "origin": [8, 8, 8]},
			"faces": {
				"north": {"uv": [7, 0, 16, 2.89], "texture": "#1"},
				"south": {"uv": [7, 0, 16, 2.89], "texture": "#1"},
				"up": {"uv": [7, 7, 16, 16], "texture": "#1"},
				"down": {"uv": [7, 7, 16, 16], "rotation": 180, "texture": "#2"}
			}
		},
		{
			"name": "shingle_middle_N2",
			"from": [3, 6.98233, 0.80121],
			"to": [7, 9.87233, 4.80121],
			"rotation": {"angle": -22.5, "axis": "x", "origin": [8, 8, 8]},
			"faces": {
				"north": {"uv": [9, 0, 13, 2.89], "texture": "#1"},
				"south": {"uv": [3, 0, 7, 2.89], "texture": "#1"},
				"up": {"uv": [9, 12, 13, 16], "rotation": 180, "texture": "#1"},
				"down": {"uv": [3, 7, 7, 11], "texture": "#2"}
			}
		},
		{
			"name": "shingle_middle_W1",
			"from": [0.80121, 6.98233, 7],
			"to": [9.80121, 9.87233, 16],
			"rotation": {"angle": 22.5, "axis": "z", "origin": [8, 8, 8]},
			"faces": {
				"east": {"uv": [0, 0, 9, 2.89], "texture": "#1"},
				"west": {"uv": [7, 0, 16, 2.89], "texture": "#1"},
				"up": {"uv": [7, 7, 16, 16], "rotation": 90, "texture": "#1"},
				"down": {"uv": [0, 7, 9, 16], "rotation": 90, "texture": "#2"}
			}
		},
		{
			"name": "shingle_middle_E1",
			"from": [6.19879, 6.98233, 7],
			"to": [15.19879, 9.87233, 16],
			"rotation": {"angle": -22.5, "axis": "z", "origin": [8, 8, 8]},
			"faces": {
				"east": {"uv": [0, 0, 9, 2.89], "texture": "#1"},
				"west": {"uv": [0, 0, 9, 2.89], "texture": "#1"},
				"up": {"uv": [0, 7, 9, 16], "rotation": 270, "texture": "#1"},
				"down": {"uv": [0, 7, 9, 16], "rotation": 90, "texture": "#2"}
			}
		},
		{
			"name": "shingle_middle_W2",
			"from": [0.80121, 6.98233, 3],
			"to": [4.80121, 9.87233, 7],
			"rotation": {"angle": 22.5, "axis": "z", "origin": [8, 8, 8]},
			"faces": {
				"east": {"uv": [3, 0, 7, 2.89], "texture": "#1"},
				"west": {"uv": [3, 0, 7, 2.89], "texture": "#1"},
				"up": {"uv": [3, 12, 7, 16], "rotation": 90, "texture": "#1"},
				"down": {"uv": [9, 12, 13, 16], "rotation": 90, "texture": "#2"}
			}
		},
		{
			"name": "shingle_down_N1",
			"from": [2, 4.09589, -6.16715],
			"to": [16, 6.98589, 2.83285],
			"rotation": {"angle": -22.5, "axis": "x", "origin": [8, 8, 8]},
			"faces": {
				"north": {"uv": [0, 0, 14, 2.89], "texture": "#1"},
				"south": {"uv": [2, 0, 16, 2.89], "texture": "#1"},
				"up": {"uv": [0, 7, 14, 16], "rotation": 180, "texture": "#1"},
				"down": {"uv": [2, 7, 16, 16], "texture": "#2"}
			}
		},
		{
			"name": "shingle_down_N2",
			"from": [0, 4.09589, -6.16715],
			"to": [2, 6.98589, -1.16715],
			"rotation": {"angle": -22.5, "axis": "x", "origin": [8, 8, 8]},
			"faces": {
				"north": {"uv": [14, 0, 16, 2.89], "texture": "#1"},
				"up": {"uv": [14, 11, 16, 16], "rotation": 180, "texture": "#1"},
				"down": {"uv": [0, 7, 2, 12], "texture": "#2"}
			}
		},
		{
			"name": "shingle_down_N3",
			"from": [-2, 4.09589, -6.16715],
			"to": [0, 6.98589, -1.16715],
			"rotation": {"angle": -22.5, "axis": "x", "origin": [8, 8, 8]},
			"faces": {
				"north": {"uv": [0, 0, 2, 2.89], "texture": "#1"},
				"west": {"uv": [4, 0, 9, 2.89], "texture": "#2"},
				"up": {"uv": [0, 11, 2, 16], "rotation": 180, "texture": "#1"},
				"down": {"uv": [14, 7, 16, 12], "texture": "#2"}
			}
		},
		{
			"name": "shingle_down_W2",
			"from": [-6.16715, 4.09589, 0],
			"to": [-1.16715, 6.98589, 2],
			"rotation": {"angle": 22.5, "axis": "z", "origin": [8, 8, 8]},
			"faces": {
				"west": {"uv": [0, 0, 2, 2.89], "texture": "#1"},
				"up": {"uv": [0, 11, 2, 16], "rotation": 90, "texture": "#1"},
				"down": {"uv": [14, 11, 16, 16], "rotation": 90, "texture": "#2"}
			}
		},
		{
			"name": "shingle_down_W3",
			"from": [-6.16715, 4.09589, -2],
			"to": [-1.16715, 6.98589, 0],
			"rotation": {"angle": 22.5, "axis": "z", "origin": [8, 8, 8]},
			"faces": {
				"north": {"uv": [4, 0, 9, 2.89], "texture": "#2"},
				"west": {"uv": [14, 0, 16, 2.89], "texture": "#1"},
				"up": {"uv": [14, 11, 16, 16], "rotation": 90, "texture": "#1"},
				"down": {"uv": [0, 11, 2, 16], "rotation": 90, "texture": "#2"}
			}
		},
		{
			"name": "shingle_down_W1",
			"from": [-6.16715, 4.09589, 2],
			"to": [2.83285, 6.98589, 16],
			"rotation": {"angle": 22.5, "axis": "z", "origin": [8, 8, 8]},
			"faces": {
				"east": {"uv": [0, 0, 14, 2.89], "texture": "#1"},
				"west": {"uv": [2, 0, 16, 2.89], "texture": "#1"},
				"up": {"uv": [2, 7, 16, 16], "rotation": 90, "texture": "#1"},
				"down": {"uv": [0, 7, 14, 16], "rotation": 90, "texture": "#2"}
			}
		},
		{
			"name": "shingle_down_C1",
			"from": [14, 4.09589, 15.16715],
			"to": [16, 6.98589, 17.16715],
			"rotation": {"angle": 22.5, "axis": "x", "origin": [8, 8, 8]},
			"faces": {
				"up": {"uv": [14, 9, 16, 11], "texture": "#1"}
			}
		},
		{
			"name": "shingle_down_C2",
			"from": [15.16715, 4.09589, 14],
			"to": [17.16715, 6.98589, 16],
			"rotation": {"angle": -22.5, "axis": "z", "origin": [8, 8, 8]},
			"faces": {
				"up": {"uv": [0, 7, 2, 9], "rotation": 270, "texture": "#1"}
			}
		},
		{
			"name": "shingle_hip_middle",
			"from": [-2.36777, 5.40333, 6.01041],
			"to": [9.63223, 10.73667, 10.01041],
			"rotation": {"angle": -45, "axis": "y", "origin": [8, 8, 8]},
			"faces": {
				"north": {"uv": [0, 0, 12, 5], "texture": "#3"},
				"south": {"uv": [0, 0, 12, 5], "texture": "#3"},
				"west": {"uv": [12, 0, 16, 5], "texture": "#1"},
				"up": {"uv": [0, 4, 4, 16], "rotation": 90, "texture": "#1"},
				"down": {"uv": [0, 4, 4, 16], "rotation": 90, "texture": "#1"}
			}
		},
		{
			"name": "shingle_hip_down",
			"from": [-9.89741, 0.065, 6.01041],
			"to": [2.10259, 5.39833, 10.01041],
			"rotation": {"angle": -45, "axis": "y", "origin": [8, 8, 8]},
			"faces": {
				"north": {"uv": [0, 0, 12, 5], "texture": "#3"},
				"south": {"uv": [0, 0, 12, 5], "texture": "#3"},
				"west": {"uv": [4, 0, 8, 5], "texture": "#1"},
				"up": {"uv": [0, 4, 4, 16], "rotation": 90, "texture": "#1"},
				"down": {"uv": [0, 4, 4, 16], "rotation": 90, "texture": "#2"}
			}
		},
		{
			"name": "top ending/back.12",
			"from": [6, 8, 11],
			"to": [8, 11, 16],
			"rotation": {"angle": 0, "axis": "y", "origin": [8, 8, 8]},
			"faces": {
				"west": {"uv": [2, 0, 7, 3], "texture": "#3"},
				"up": {"uv": [2, 14, 7, 16], "rotation": 90, "texture": "#3"}
			}
		},
		{
			"name": "top ending/back.11",
			"from": [8, 8, 11],
			"to": [10, 11, 16],
			"rotation": {"angle": 0, "axis": "y", "origin": [8, 8, 8]},
			"faces": {
				"east": {"uv": [3, 0, 8, 3], "texture": "#3"},
				"up": {"uv": [9, 14, 14, 16], "rotation": 270, "texture": "#3"}
			}
		},
		{
			"name": "top ending/back.8",
			"from": [11, 8, 6],
			"to": [16, 11, 8],
			"rotation": {"angle": 0, "axis": "y", "origin": [8, 8, 8]},
			"faces": {
				"north": {"uv": [2, 0, 7, 3], "texture": "#3"},
				"up": {"uv": [8, 14, 13, 16], "rotation": 180, "texture": "#3"}
			}
		},
		{
			"name": "top ending/back.7",
			"from": [11, 8, 8],
			"to": [16, 11, 10],
			"rotation": {"angle": 0, "axis": "y", "origin": [8, 8, 8]},
			"faces": {
				"south": {"uv": [4, 0, 9, 3], "texture": "#3"},
				"up": {"uv": [8, 14, 13, 16], "texture": "#3"}
			}
		},
		{
			"name": "top ending/back.4",
			"from": [8, 8, 8],
			"to": [11, 11, 11],
			"rotation": {"angle": 0, "axis": "y", "origin": [8, 8, 8]},
			"faces": {
				"east": {"uv": [3, 0, 6, 3], "texture": "#3"},
				"south": {"uv": [1, 0, 4, 3], "texture": "#3"},
				"up": {"uv": [12, 1, 15, 4], "rotation": 270, "texture": "#3"}
			}
		},
		{
			"name": "top ending/back.3",
			"from": [8, 8, 5],
			"to": [11, 11, 8],
			"rotation": {"angle": 0, "axis": "y", "origin": [8, 8, 8]},
			"faces": {
				"north": {"uv": [1, 0, 4, 3], "texture": "#2"},
				"east": {"uv": [5, 0, 8, 3], "texture": "#3"},
				"up": {"uv": [12, 1, 15, 4], "rotation": 180, "texture": "#3"}
			}
		},
		{
			"name": "top ending/back.2",
			"from": [5, 8, 5],
			"to": [8, 11, 8],
			"rotation": {"angle": 0, "axis": "y", "origin": [8, 8, 8]},
			"faces": {
				"north": {"uv": [1, 0, 4, 3], "texture": "#3"},
				"west": {"uv": [8, 0, 11, 3], "texture": "#3"},
				"up": {"uv": [12, 1, 15, 4], "rotation": 90, "texture": "#3"}
			}
		},
		{
			"name": "top ending/back",
			"from": [5, 8, 8],
			"to": [8, 11, 11],
			"rotation": {"angle": 0, "axis": "y", "origin": [8, 8, 8]},
			"faces": {
				"south": {"uv": [2, 0, 6, 3], "texture": "#3"},
				"west": {"uv": [2, 0, 6, 3], "texture": "#3"},
				"up": {"uv": [12, 1, 15, 4], "texture": "#3"}
			}
		}
	],
	"display": {
		"thirdperson_righthand": {
			"rotation": [75, 45, 0],
			"translation": [0, 2.5, 0],
			"scale": [0.375, 0.375, 0.375]
		},
		"thirdperson_lefthand": {
			"rotation": [75, -135, 0],
			"translation": [0, 2.5, 0],
			"scale": [0.375, 0.375, 0.375]
		},
		"firstperson_righthand": {
			"rotation": [0, 45, 0],
			"scale": [0.4, 0.4, 0.4]
		},
		"firstperson_lefthand": {
			"rotation": [0, 225, 0],
			"scale": [0.4, 0.4, 0.4]
		},
		"gui": {
			"rotation": [30, 135, 0],
			"scale": [0.625, 0.625, 0.625]
		}
	}
}