{
	"parent": "minecraft:block/template_orientable_trapdoor_bottom",
	"overrides": [{
		"model": "domum_ornamentum:block/trapdoors/trapdoor_full",
		"predicate": {
			"domum_ornamentum:trapdoor_type": 0.0
		}
	}, {
		"model": "domum_ornamentum:block/trapdoors/trapdoor_horizontally_squiggly_striped",
		"predicate": {
			"domum_ornamentum:trapdoor_type": 1.0
		}
	}, {
		"model": "domum_ornamentum:block/trapdoors/trapdoor_horizontally_striped",
		"predicate": {
			"domum_ornamentum:trapdoor_type": 2.0
		}
	}, {
		"model": "domum_ornamentum:block/trapdoors/trapdoor_port_manteau",
		"predicate": {
			"domum_ornamentum:trapdoor_type": 3.0
		}
	}, {
		"model": "domum_ornamentum:block/trapdoors/trapdoor_vertically_squiggly_striped",
		"predicate": {
			"domum_ornamentum:trapdoor_type": 4.0
		}
	}, {
		"model": "domum_ornamentum:block/trapdoors/trapdoor_vertically_striped",
		"predicate": {
			"domum_ornamentum:trapdoor_type": 5.0
		}
	}, {
		"model": "domum_ornamentum:block/trapdoors/trapdoor_waffle",
		"predicate": {
			"domum_ornamentum:trapdoor_type": 6.0
		}
	}],
	"READ ME!!!": "DO NOT EDIT THIS FILE. DON'T TOUCH IT, TOUCH IT AND YOU WILL REGRET IT ~~ AshersLab (Use the Data Generators!"
}