{
	"credit": "Made with Blockbench",
	"ambientocclusion": false,
	"textures": {
		"1": "block/clay",
		"particle": "block/clay",
		"plank": "block/oak_planks"
	},
	"elements": [
		{
			"name": "support_panel_D",
			"from": [0, 0, 0],
			"to": [16, 2, 16],
			"rotation": {"angle": 0, "axis": "y", "origin": [8, 0, 8]},
			"faces": {
				"north": {"uv": [2, 14, 16, 16], "texture": "#plank", "cullface": "north"},
				"east": {"uv": [0, 14, 16, 16], "texture": "#plank", "cullface": "east"},
				"south": {"uv": [0, 14, 14, 16], "texture": "#plank", "cullface": "south"},
				"west": {"uv": [0, 14, 16, 16], "texture": "#plank", "cullface": "west"},
				"up": {"uv": [0, 0, 16, 16], "rotation": 90, "texture": "#plank"},
				"down": {"uv": [0, 0, 16, 16], "rotation": 90, "texture": "#plank", "cullface": "down"}
			}
		},
		{
			"name": "support_panel_S",
			"from": [0, 2, 14],
			"to": [16, 14, 16],
			"rotation": {"angle": 0, "axis": "y", "origin": [8, 0, 8]},
			"faces": {
				"north": {"uv": [0, 2, 16, 14], "texture": "#plank"},
				"east": {"uv": [0, 2, 2, 14], "texture": "#plank", "cullface": "east"},
				"south": {"uv": [0, 2, 16, 14], "texture": "#plank", "cullface": "south"},
				"west": {"uv": [14, 2, 16, 14], "texture": "#plank", "cullface": "west"}
			}
		},
		{
			"name": "support_panel_E",
			"from": [14, 2, 0],
			"to": [16, 14, 14],
			"rotation": {"angle": 0, "axis": "y", "origin": [8, 0, 8]},
			"faces": {
				"north": {"uv": [0, 2, 2, 14], "texture": "#plank", "cullface": "north"},
				"east": {"uv": [2, 2, 16, 14], "texture": "#plank", "cullface": "east"},
				"west": {"uv": [0, 2, 14, 14], "texture": "#plank"}
			}
		},
		{
			"name": "timber_rafter_N",
			"from": [2.85177, -2.3198, 0.035],
			"to": [4.85177, 13.6802, 15.86],
			"rotation": {"angle": -45, "axis": "z", "origin": [8, 0, 8]},
			"faces": {
				"north": {"uv": [2, 16, 0, 0], "texture": "#plank"},
				"east": {"uv": [15.825, 16, 0, 0], "texture": "#plank"},
				"west": {"uv": [15.825, 16, 0, 0], "texture": "#plank"}
			}
		},
		{
			"name": "timber_brace_N",
			"from": [12.6802, -3.26599, 0.04802],
			"to": [14.6802, 3.14823, 15.87302],
			"rotation": {"angle": 45, "axis": "z", "origin": [8, 0, 8]},
			"faces": {
				"north": {"uv": [2, 14.41422, 0, 8], "texture": "#plank"},
				"east": {"uv": [15.825, 14.41422, 0, 8], "texture": "#plank"},
				"west": {"uv": [15.825, 14.41422, 0, 8], "texture": "#plank"}
			}
		},
		{
			"name": "timber_filler_N1",
			"from": [5.125, 2, 0.875],
			"to": [14.125, 4, 0.875],
			"rotation": {"angle": 0, "axis": "y", "origin": [8, 0, 8]},
			"faces": {
				"north": {"uv": [14, 12, 5, 14], "texture": "#plank"}
			}
		},
		{
			"name": "timber_filler_N2",
			"from": [7.125, 4, 0.875],
			"to": [14.125, 6, 0.875],
			"rotation": {"angle": 0, "axis": "y", "origin": [8, 0, 8]},
			"faces": {
				"north": {"uv": [14, 10, 7, 12], "texture": "#plank"}
			}
		},
		{
			"name": "timber_filler_N3",
			"from": [9.125, 6, 0.875],
			"to": [14.125, 8, 0.875],
			"rotation": {"angle": 0, "axis": "y", "origin": [8, 0, 8]},
			"faces": {
				"north": {"uv": [14, 8, 9, 10], "texture": "#plank"}
			}
		},
		{
			"name": "timber_filler_N4",
			"from": [11.125, 8, 0.875],
			"to": [14.125, 10, 0.875],
			"rotation": {"angle": 0, "axis": "y", "origin": [8, 0, 8]},
			"faces": {
				"north": {"uv": [14, 6, 11, 8], "texture": "#plank"}
			}
		},
		{
			"name": "timber_filler_N5",
			"from": [13.125, 10, 0.875],
			"to": [14.125, 11, 1.875],
			"rotation": {"angle": 0, "axis": "y", "origin": [8, 0, 8]},
			"faces": {
				"north": {"uv": [14, 5, 13, 6], "texture": "#plank"}
			}
		},
		{
			"name": "timber_rafter_W",
			"from": [0.035, -2.40819, 2.76338],
			"to": [15.96, 13.59181, 4.76338],
			"rotation": {"angle": 45, "axis": "x", "origin": [8, 0, 8]},
			"faces": {
				"north": {"uv": [0, 16, 15.925, 0], "texture": "#plank"},
				"south": {"uv": [0, 16, 15.925, 0], "texture": "#plank"},
				"west": {"uv": [0, 16, 2, 0], "texture": "#plank"}
			}
		},
		{
			"name": "timber_brace_W",
			"from": [0.04802, -3.1776, 12.59181],
			"to": [15.97302, 3.23662, 14.59181],
			"rotation": {"angle": -45, "axis": "x", "origin": [8, 0, 8]},
			"faces": {
				"north": {"uv": [0, 14.41422, 15.925, 8], "texture": "#plank"},
				"south": {"uv": [0, 14.41422, 15.925, 8], "texture": "#plank"},
				"west": {"uv": [0, 14.41422, 2, 8], "texture": "#plank"}
			}
		},
		{
			"name": "timber_filler_W1",
			"from": [0.875, 2, 5],
			"to": [0.875, 4, 14],
			"rotation": {"angle": 0, "axis": "y", "origin": [8, 0, 8]},
			"faces": {
				"west": {"uv": [5, 12, 14, 14], "texture": "#plank"}
			}
		},
		{
			"name": "timber_filler_W2",
			"from": [0.875, 4, 7],
			"to": [0.875, 6, 14],
			"rotation": {"angle": 0, "axis": "y", "origin": [8, 0, 8]},
			"faces": {
				"west": {"uv": [7, 10, 14, 12], "texture": "#plank"}
			}
		},
		{
			"name": "timber_filler_W3",
			"from": [0.875, 6, 9],
			"to": [0.875, 8, 14],
			"rotation": {"angle": 0, "axis": "y", "origin": [8, 0, 8]},
			"faces": {
				"west": {"uv": [9, 8, 14, 10], "texture": "#plank"}
			}
		},
		{
			"name": "timber_filler_W4",
			"from": [0.875, 8, 11],
			"to": [0.875, 10, 14],
			"rotation": {"angle": 0, "axis": "y", "origin": [8, 0, 8]},
			"faces": {
				"west": {"uv": [11, 6, 14, 8], "texture": "#plank"}
			}
		},
		{
			"name": "timber_filler_W5",
			"from": [0.875, 10, 13],
			"to": [1.875, 11, 14],
			"rotation": {"angle": 0, "axis": "y", "origin": [8, 0, 8]},
			"faces": {
				"west": {"uv": [13, 5, 14, 6], "texture": "#plank"}
			}
		},
		{
			"name": "batten_up_NX",
			"from": [16.81701, 8.3264, -4],
			"to": [18.76701, 9.3014, 0],
			"rotation": {"angle": 22.5, "axis": "z", "origin": [8, 0, 8]},
			"faces": {
				"north": {"uv": [2, 0, 0, 1], "texture": "#plank", "cullface": "north"},
				"east": {"uv": [4, 0, 0, 1], "texture": "#plank", "cullface": "north"},
				"west": {"uv": [16, 0, 12, 1], "texture": "#plank", "cullface": "north"},
				"up": {"uv": [0, 0, 0, 0], "texture": "#plank", "cullface": "north"},
				"down": {"uv": [4, 1, 0, 3], "rotation": 90, "texture": "#plank", "cullface": "north"}
			}
		},
		{
			"name": "batten_up_WX",
			"from": [-4, 8.31992, 16.77102],
			"to": [0, 9.29492, 18.72102],
			"rotation": {"angle": -22.5, "axis": "x", "origin": [8, 0, 8]},
			"faces": {
				"north": {"uv": [16, 0, 12, 1], "texture": "#plank", "cullface": "west"},
				"south": {"uv": [4, 0, 0, 1], "texture": "#plank", "cullface": "west"},
				"west": {"uv": [2, 0, 0, 1], "texture": "#plank", "cullface": "west"},
				"up": {"uv": [0, 0, 0, 0], "rotation": 90, "texture": "#plank", "cullface": "west"},
				"down": {"uv": [4, 1, 0, 3], "texture": "#plank", "cullface": "west"}
			}
		},
		{
			"name": "batten_middle_NX",
			"from": [9.84869, 5.44005, -4],
			"to": [11.79869, 6.41505, 0],
			"rotation": {"angle": 22.5, "axis": "z", "origin": [8, 0, 8]},
			"faces": {
				"north": {"uv": [2, 0, 0, 1], "texture": "#plank", "cullface": "north"},
				"east": {"uv": [4, 4, 0, 5], "texture": "#plank", "cullface": "north"},
				"west": {"uv": [16, 0, 12, 1], "texture": "#plank", "cullface": "north"},
				"up": {"uv": [0, 0, 0, 0], "texture": "#plank", "cullface": "north"},
				"down": {"uv": [4, 5, 0, 7], "rotation": 90, "texture": "#plank", "cullface": "north"}
			}
		},
		{
			"name": "batten_middle_WX",
			"from": [-4, 5.43357, 9.8027],
			"to": [0, 6.40857, 11.7527],
			"rotation": {"angle": -22.5, "axis": "x", "origin": [8, 0, 8]},
			"faces": {
				"north": {"uv": [16, 0, 12, 1], "texture": "#plank", "cullface": "west"},
				"south": {"uv": [4, 4, 0, 5], "texture": "#plank", "cullface": "west"},
				"west": {"uv": [2, 0, 0, 1], "texture": "#plank", "cullface": "west"},
				"up": {"uv": [0, 0, 0, 0], "rotation": 90, "texture": "#plank", "cullface": "west"},
				"down": {"uv": [4, 5, 0, 7], "texture": "#plank", "cullface": "west"}
			}
		},
		{
			"name": "batten_down_N",
			"from": [2.88033, 2.55361, -4],
			"to": [4.83033, 3.52861, 0],
			"rotation": {"angle": 22.5, "axis": "z", "origin": [8, 0, 8]},
			"faces": {
				"north": {"uv": [2, 0, 0, 1], "texture": "#plank", "cullface": "north"},
				"east": {"uv": [4, 11, 0, 12], "texture": "#plank", "cullface": "north"},
				"west": {"uv": [16, 0, 12, 1], "texture": "#plank", "cullface": "north"},
				"up": {"uv": [0, 0, 0, 0], "texture": "#plank", "cullface": "north"},
				"down": {"uv": [4, 12, 0, 14], "rotation": 90, "texture": "#plank", "cullface": "north"}
			}
		},
		{
			"name": "batten_down_WX",
			"from": [-4, 2.54713, 2.83434],
			"to": [0, 3.52213, 4.78434],
			"rotation": {"angle": -22.5, "axis": "x", "origin": [8, 0, 8]},
			"faces": {
				"north": {"uv": [16, 0, 12, 1], "texture": "#plank", "cullface": "west"},
				"south": {"uv": [4, 11, 0, 12], "texture": "#plank", "cullface": "west"},
				"west": {"uv": [2, 0, 0, 1], "texture": "#plank", "cullface": "west"},
				"up": {"uv": [0, 0, 0, 0], "rotation": 90, "texture": "#plank", "cullface": "west"},
				"down": {"uv": [4, 12, 0, 14], "texture": "#plank", "cullface": "west"}
			}
		},
		{
			"name": "top_ending_W",
			"from": [0, 14, 14],
			"to": [14, 16, 16],
			"rotation": {"angle": 0, "axis": "y", "origin": [8, 0, 8]},
			"faces": {
				"north": {"uv": [0, 12, 14, 14], "texture": "#1"},
				"south": {"uv": [0, 6, 14, 8], "texture": "#1", "cullface": "south"},
				"west": {"uv": [2, 14, 4, 16], "rotation": 90, "texture": "#1", "cullface": "west"},
				"up": {"uv": [2, 14, 16, 16], "rotation": 180, "texture": "#1", "cullface": "up"}
			}
		},
		{
			"name": "top_ending_WX",
			"from": [-3.975, 14, 14.025],
			"to": [0, 15.975, 15.95],
			"rotation": {"angle": 0, "axis": "y", "origin": [8, 0, 8]},
			"faces": {
				"north": {"uv": [0, 12, 3.975, 14], "texture": "#1", "cullface": "west"},
				"south": {"uv": [12, 6, 15.975, 8], "texture": "#1", "cullface": "west"},
				"west": {"uv": [0, 9, 2, 11], "texture": "#1", "cullface": "west"},
				"up": {"uv": [0, 14, 3.975, 16], "rotation": 180, "texture": "#1", "cullface": "west"},
				"down": {"uv": [12, 14, 15.975, 16], "texture": "#1", "cullface": "west"}
			}
		},
		{
			"name": "top_ending_N",
			"from": [14, 14, 0],
			"to": [16, 16, 16],
			"rotation": {"angle": 0, "axis": "y", "origin": [8, 0, 8]},
			"faces": {
				"north": {"uv": [0, 14, 2, 16], "rotation": 270, "texture": "#1", "cullface": "north"},
				"east": {"uv": [0, 6, 16, 8], "texture": "#1", "cullface": "east"},
				"south": {"uv": [14, 6, 16, 8], "texture": "#1", "cullface": "south"},
				"west": {"uv": [0, 12, 16, 14], "texture": "#1"},
				"up": {"uv": [16, 14, 0, 16], "rotation": 90, "texture": "#1", "cullface": "up"}
			}
		},
		{
			"name": "top_ending_NX",
			"from": [14.025, 14, -3.95],
			"to": [15.95, 15.975, 0.025],
			"rotation": {"angle": 0, "axis": "y", "origin": [8, 0, 8]},
			"faces": {
				"north": {"uv": [2, 9, 4, 11], "texture": "#1", "cullface": "north"},
				"east": {"uv": [0, 6, 3.975, 8], "texture": "#1", "cullface": "north"},
				"west": {"uv": [12, 12, 15.975, 14], "texture": "#1", "cullface": "north"},
				"up": {"uv": [12, 14, 15.975, 16], "rotation": 90, "texture": "#1", "cullface": "north"},
				"down": {"uv": [12, 14, 15.975, 16], "rotation": 90, "texture": "#1", "cullface": "north"}
			}
		},
		{
			"name": "shingle_up_W",
			"from": [0, 9.25972, 10.831],
			"to": [16, 12.14972, 19.831],
			"rotation": {"angle": -22.5, "axis": "x", "origin": [8, 0, 8]},
			"faces": {
				"north": {"uv": [0, 0, 16, 3], "texture": "#1"},
				"west": {"uv": [16, 7, 13.11, 16], "rotation": 90, "texture": "#1", "cullface": "north"},
				"up": {"uv": [0, 7, 16, 16], "rotation": 180, "texture": "#1"},
				"down": {"uv": [0, 5, 16, 16], "texture": "#1"}
			}
		},
		{
			"name": "shingle_up_WX",
			"from": [-4, 9.30972, 10.881],
			"to": [0, 12.09972, 19.781],
			"rotation": {"angle": -22.5, "axis": "x", "origin": [8, 0, 8]},
			"faces": {
				"north": {"uv": [0, 0, 4, 2.89], "texture": "#1", "cullface": "west"},
				"south": {"uv": [12, 0, 16, 2.89], "texture": "#1", "cullface": "west"},
				"west": {"uv": [0, 0, 9, 2.89], "texture": "#1", "cullface": "west"},
				"up": {"uv": [0, 7, 4, 16], "rotation": 180, "texture": "#1", "cullface": "west"},
				"down": {"uv": [12, 7, 16, 16], "texture": "#1", "cullface": "west"}
			}
		},
		{
			"name": "shingle_up_N",
			"from": [10.831, 9.25972, 0],
			"to": [19.831, 12.14972, 16],
			"rotation": {"angle": 22.5, "axis": "z", "origin": [8, 0, 8]},
			"faces": {
				"north": {"uv": [2.89, 7, 0, 16], "rotation": 270, "texture": "#1", "cullface": "north"},
				"west": {"uv": [0, 0, 16, 3], "texture": "#1"},
				"up": {"uv": [0, 7, 16, 16], "rotation": 90, "texture": "#1"},
				"down": {"uv": [0, 5, 16, 16], "rotation": 90, "texture": "#1"}
			}
		},
		{
			"name": "shingle_up_NX",
			"from": [10.881, 9.30972, -4],
			"to": [19.781, 12.09972, 0],
			"rotation": {"angle": 22.5, "axis": "z", "origin": [8, 0, 8]},
			"faces": {
				"north": {"uv": [0, 0, 9, 2.89], "texture": "#1", "cullface": "north"},
				"east": {"uv": [12, 0, 16, 2.89], "texture": "#1", "cullface": "north"},
				"west": {"uv": [12, 0, 16, 2.89], "texture": "#1", "cullface": "north"},
				"up": {"uv": [12, 7, 16, 16], "rotation": 90, "texture": "#1", "cullface": "north"},
				"down": {"uv": [0, 7, 4, 16], "rotation": 90, "texture": "#1", "cullface": "north"}
			}
		},
		{
			"name": "shingle_middle_W",
			"from": [0, 6.37337, 3.86268],
			"to": [9, 9.26337, 12.86268],
			"rotation": {"angle": -22.5, "axis": "x", "origin": [8, 0, 8]},
			"faces": {
				"north": {"uv": [0, 0, 16, 3], "texture": "#1"},
				"east": {"uv": [0, 0, 9, 3], "texture": "#1"},
				"south": {"uv": [0, 0, 16, 3], "texture": "#1"},
				"west": {"uv": [16, 7, 13.11, 16], "rotation": 90, "texture": "#1", "cullface": "north"},
				"up": {"uv": [7, 7, 16, 16], "rotation": 180, "texture": "#1"},
				"down": {"uv": [0, 7, 16, 16], "texture": "#1"}
			}
		},
		{
			"name": "shingle_middle_WX",
			"from": [-4, 6.42337, 3.91268],
			"to": [0, 9.21337, 12.81268],
			"rotation": {"angle": -22.5, "axis": "x", "origin": [8, 0, 8]},
			"faces": {
				"north": {"uv": [0, 0, 4, 2.89], "texture": "#1", "cullface": "west"},
				"south": {"uv": [12, 0, 16, 2.89], "texture": "#1", "cullface": "west"},
				"west": {"uv": [0, 0, 9, 2.89], "texture": "#1", "cullface": "west"},
				"up": {"uv": [0, 7, 4, 16], "rotation": 180, "texture": "#1", "cullface": "west"},
				"down": {"uv": [12, 7, 16, 16], "texture": "#1", "cullface": "west"}
			}
		},
		{
			"name": "shingle_middle_N",
			"from": [3.86268, 6.37337, 0],
			"to": [12.86268, 9.26337, 9],
			"rotation": {"angle": 22.5, "axis": "z", "origin": [8, 0, 8]},
			"faces": {
				"north": {"uv": [2.89, 7, 0, 16], "rotation": 270, "texture": "#1", "cullface": "north"},
				"east": {"uv": [7, 0, 16, 2.89], "texture": "#1"},
				"south": {"uv": [0, 0, 9, 2.89], "texture": "#1"},
				"west": {"uv": [0, 0, 16, 3], "texture": "#1"},
				"up": {"uv": [0, 7, 9, 16], "rotation": 90, "texture": "#1"},
				"down": {"uv": [7, 7, 16, 16], "rotation": 90, "texture": "#1"}
			}
		},
		{
			"name": "shingle_middle_NX",
			"from": [3.91268, 6.42337, -4],
			"to": [12.81268, 9.21337, 0],
			"rotation": {"angle": 22.5, "axis": "z", "origin": [8, 0, 8]},
			"faces": {
				"north": {"uv": [0, 0, 9, 2.89], "texture": "#1", "cullface": "north"},
				"east": {"uv": [12, 0, 16, 2.89], "texture": "#1", "cullface": "north"},
				"west": {"uv": [12, 0, 16, 2.89], "texture": "#1", "cullface": "north"},
				"up": {"uv": [12, 7, 16, 16], "rotation": 90, "texture": "#1", "cullface": "north"},
				"down": {"uv": [0, 7, 4, 16], "rotation": 90, "texture": "#1", "cullface": "north"}
			}
		},
		{
			"name": "shingle_down_W",
			"from": [-0.00552, 3.48419, 1.69916],
			"to": [3.99448, 6.37419, 5.69916],
			"rotation": {"angle": -22.5, "axis": "x", "origin": [8, 0, 8]},
			"faces": {
				"north": {"uv": [0, 0, 4, 2.89], "texture": "#1"},
				"east": {"uv": [0, 0, 4, 2.89], "texture": "#1"},
				"south": {"uv": [12, 0, 16, 2.89], "texture": "#1"},
				"west": {"uv": [16, 7, 13.11, 11], "rotation": 90, "texture": "#1", "cullface": "north"},
				"up": {"uv": [0, 7, 4, 11], "rotation": 180, "texture": "#1"},
				"down": {"uv": [12, 7, 16, 11], "texture": "#1"}
			}
		},
		{
			"name": "shingle_down_WX",
			"from": [-4, 3.53693, -2.30568],
			"to": [0, 6.32693, 5.84432],
			"rotation": {"angle": -22.5, "axis": "x", "origin": [8, 0, 8]},
			"faces": {
				"north": {"uv": [0, 0, 4, 2.89], "texture": "#1"},
				"south": {"uv": [12, 0, 16, 2.89], "texture": "#1"},
				"west": {"uv": [0, 0, 8.75, 2.89], "texture": "#1"},
				"up": {"uv": [0, 7, 4, 15.75], "rotation": 180, "texture": "#1"},
				"down": {"uv": [12, 7, 16, 15.75], "texture": "#1"}
			}
		},
		{
			"name": "shingle_down_NE",
			"from": [1.89432, 3.48693, 0],
			"to": [5.89432, 6.37693, 4],
			"rotation": {"angle": 22.5, "axis": "z", "origin": [8, 0, 8]},
			"faces": {
				"north": {"uv": [2.89, 7, 0, 11], "rotation": 270, "texture": "#1", "cullface": "north"},
				"east": {"uv": [12, 0, 16, 2.89], "texture": "#1"},
				"south": {"uv": [0, 0, 4, 2.89], "texture": "#1"},
				"west": {"uv": [0, 0, 4, 2.89], "texture": "#1"},
				"up": {"uv": [0, 7, 4, 11], "rotation": 90, "texture": "#1"},
				"down": {"uv": [12, 7, 16, 11], "rotation": 90, "texture": "#1"}
			}
		},
		{
			"name": "shingle_down_NX",
			"from": [-2.30568, 3.53693, -4],
			"to": [5.84432, 6.32693, 0],
			"rotation": {"angle": 22.5, "axis": "z", "origin": [8, 0, 8]},
			"faces": {
				"north": {"uv": [0, 0, 8.75, 2.89], "texture": "#1"},
				"east": {"uv": [12, 0, 16, 2.89], "texture": "#1"},
				"west": {"uv": [12, 0, 16, 2.89], "texture": "#1"},
				"up": {"uv": [12, 7, 16, 15.75], "rotation": 90, "texture": "#1"},
				"down": {"uv": [0, 7, 4, 15.75], "rotation": 90, "texture": "#1"}
			}
		}
	],
	"display": {
		"thirdperson_righthand": {
			"rotation": [75, 45, 0],
			"translation": [0, 2.5, 0],
			"scale": [0.375, 0.375, 0.375]
		},
		"thirdperson_lefthand": {
			"rotation": [75, -135, 0],
			"translation": [0, 2.5, 0],
			"scale": [0.375, 0.375, 0.375]
		},
		"firstperson_righthand": {
			"rotation": [0, 45, 0],
			"scale": [0.4, 0.4, 0.4]
		},
		"firstperson_lefthand": {
			"rotation": [0, 225, 0],
			"scale": [0.4, 0.4, 0.4]
		},
		"gui": {
			"rotation": [30, 135, 0],
			"scale": [0.625, 0.625, 0.625]
		}
	}
}