{
	"credit": "Made with Blockbench",
	"ambientocclusion": false,
	"textures": {
		"2": "block/oak_planks",
		"3": "block/acacia_planks",
		"particle": "#2"
	},
	"elements": [
		{
			"name": "door_lower_inner_0",
			"from": [2, 3, 6.5],
			"to": [14, 16, 9.5],
			"rotation": {"angle": 0, "axis": "y", "origin": [8, 8, 8]},
			"faces": {
				"north": {"uv": [2, 0, 14, 13], "texture": "#2"},
				"south": {"uv": [2, 13, 14, 0], "rotation": 180, "texture": "#2"}
			}
		},
		{
			"name": "door_lower_outer_0",
			"from": [14, 0, 6.5],
			"to": [16, 16, 9.5],
			"rotation": {"angle": 0, "axis": "y", "origin": [16, 0, 0]},
			"faces": {
				"north": {"uv": [0, 0, 2, 16], "texture": "#3"},
				"east": {"uv": [0, 0, 3, 16], "texture": "#3"},
				"south": {"uv": [0, 16, 2, 0], "rotation": 180, "texture": "#3"},
				"down": {"uv": [0, 13, 2, 16], "rotation": 180, "texture": "#3"}
			}
		},
		{
			"name": "door_lower_outer_1",
			"from": [0, 0, 6.5],
			"to": [2, 16, 9.5],
			"rotation": {"angle": 0, "axis": "y", "origin": [16, 0, 0]},
			"faces": {
				"north": {"uv": [14, 0, 16, 16], "texture": "#3"},
				"south": {"uv": [14, 16, 16, 0], "rotation": 180, "texture": "#3"},
				"west": {"uv": [13, 0, 16, 16], "texture": "#3"},
				"down": {"uv": [14, 13, 16, 16], "rotation": 180, "texture": "#3"}
			}
		},
		{
			"name": "door_lower_outer_2",
			"from": [2, 0, 6.5],
			"to": [14, 3, 9.5],
			"rotation": {"angle": 0, "axis": "y", "origin": [16, 0, 0]},
			"faces": {
				"north": {"uv": [2, 13, 14, 16], "texture": "#3"},
				"south": {"uv": [2, 16, 14, 13], "rotation": 180, "texture": "#3"},
				"down": {"uv": [2, 13, 14, 16], "rotation": 180, "texture": "#3"}
			}
		},
		{
			"name": "door_upper_inner_1",
			"from": [2, 16, 6.5],
			"to": [14, 29, 9.5],
			"rotation": {"angle": 0, "axis": "y", "origin": [16, 0, 0]},
			"faces": {
				"north": {"uv": [2, 3, 14, 16], "texture": "#2"},
				"south": {"uv": [2, 3, 14, 16], "texture": "#2"}
			}
		},
		{
			"name": "door_upper_outer_1",
			"from": [0, 16, 6.5],
			"to": [2, 32, 9.5],
			"rotation": {"angle": 0, "axis": "y", "origin": [16, 0, 0]},
			"faces": {
				"north": {"uv": [14, 0, 16, 16], "texture": "#3"},
				"south": {"uv": [0, 0, 2, 16], "texture": "#3"},
				"west": {"uv": [0, 0, 3, 16], "rotation": 180, "texture": "#3"},
				"up": {"uv": [0, 13, 2, 16], "texture": "#3"}
			}
		},
		{
			"name": "door_upper_outer_2",
			"from": [14, 16, 6.5],
			"to": [16, 32, 9.5],
			"rotation": {"angle": 0, "axis": "y", "origin": [16, 0, 0]},
			"faces": {
				"north": {"uv": [0, 0, 2, 16], "texture": "#3"},
				"east": {"uv": [13, 0, 16, 16], "rotation": 180, "texture": "#3"},
				"south": {"uv": [14, 0, 16, 16], "texture": "#3"},
				"up": {"uv": [14, 13, 16, 16], "texture": "#3"}
			}
		},
		{
			"name": "door_upper_outer_3",
			"from": [2, 29, 6.5],
			"to": [14, 32, 9.5],
			"rotation": {"angle": 0, "axis": "y", "origin": [16, 0, 0]},
			"faces": {
				"north": {"uv": [2, 0, 14, 3], "texture": "#3"},
				"south": {"uv": [2, 0, 14, 3], "texture": "#3"},
				"up": {"uv": [2, 13, 14, 16], "texture": "#3"}
			}
		}
	],
	"gui_light": "front",
	"display": {
		"thirdperson_righthand": {
			"translation": [0, 0, 1],
			"scale": [0.22, 0.22, 0.22]
		},
		"thirdperson_lefthand": {
			"translation": [0, 0, 1],
			"scale": [0.22, 0.22, 0.22]
		},
		"firstperson_righthand": {
			"rotation": [0, -90, 25],
			"translation": [1.25, -0.5, 1],
			"scale": [0.34, 0.34, 0.34]
		},
		"firstperson_lefthand": {
			"rotation": [0, -90, 25],
			"translation": [1.25, -0.5, 1],
			"scale": [0.34, 0.34, 0.34]
		},
		"ground": {
			"translation": [0, 3, 0],
			"scale": [0.25, 0.25, 0.25]
		},
		"gui": {
			"translation": [0, -3.5, 0],
			"scale": [0.45, 0.45, 0.45]
		},
		"head": {
			"rotation": [0, 180, 0],
			"translation": [0, 1.5, -5.5]
		},
		"fixed": {
			"translation": [0, -4, 0],
			"scale": [0.5, 0.5, 0.5]
		}
	},
	"groups": [
		{
			"name": "door_full_spec",
			"origin": [8, 8, 8],
			"color": 0,
			"children": [
				{
					"name": "door_lower",
					"origin": [8, 8, 8],
					"color": 0,
					"children": [
						{
							"name": "door_lower_inner",
							"origin": [8, 8, 8],
							"color": 0,
							"children": [0]
						},
						{
							"name": "door_lower_outer",
							"origin": [8, 8, 8],
							"color": 0,
							"children": [1, 2, 3]
						}
					]
				}
			]
		},
		{
			"name": "door_top_full_spec",
			"origin": [8, 8, 8],
			"color": 0,
			"children": [
				{
					"name": "door_upper",
					"origin": [8, 8, 8],
					"color": 0,
					"children": [
						{
							"name": "door_upper_inner",
							"origin": [8, 8, 8],
							"color": 0,
							"children": [4]
						},
						{
							"name": "door_upper_outer",
							"origin": [8, 8, 8],
							"color": 0,
							"children": [5, 6, 7]
						}
					]
				}
			]
		}
	]
}