{
	"credit": "Made with Blockbench",
	"ambientocclusion": false,
	"textures": {
		"2": "block/oak_planks",
		"3": "block/acacia_planks",
		"particle": "#2"
	},
	"elements": [
		{
			"name": "door_lower_inner_0",
			"from": [2, 3, 6.5],
			"to": [14, 16, 9.5],
			"rotation": {"angle": 0, "axis": "y", "origin": [8, 9.5, 8]},
			"faces": {
				"north": {"uv": [2, 0, 14, 13], "texture": "#2"},
				"south": {"uv": [2, 13, 14, 0], "rotation": 180, "texture": "#2"}
			}
		},
		{
			"name": "door_lower_outer_0",
			"from": [14, 0, 6.5],
			"to": [16, 16, 9.5],
			"rotation": {"angle": 0, "axis": "y", "origin": [7.81944, 21, 8]},
			"faces": {
				"north": {"uv": [0, 0, 2, 16], "texture": "#3"},
				"east": {"uv": [0, 0, 3, 16], "texture": "#3"},
				"south": {"uv": [0, 16, 2, 0], "rotation": 180, "texture": "#3"},
				"down": {"uv": [0, 13, 2, 16], "rotation": 180, "texture": "#3"}
			}
		},
		{
			"name": "door_lower_outer_1",
			"from": [0, 0, 6.5],
			"to": [2, 16, 9.5],
			"rotation": {"angle": 0, "axis": "y", "origin": [7.81944, 21, 8]},
			"faces": {
				"north": {"uv": [14, 0, 16, 16], "texture": "#3"},
				"south": {"uv": [14, 16, 16, 0], "rotation": 180, "texture": "#3"},
				"west": {"uv": [13, 0, 16, 16], "texture": "#3"},
				"down": {"uv": [14, 13, 16, 16], "rotation": 180, "texture": "#3"}
			}
		},
		{
			"name": "door_lower_outer_2",
			"from": [2, 0, 6.5],
			"to": [14, 3, 9.5],
			"rotation": {"angle": 0, "axis": "y", "origin": [7.81944, 21, 8]},
			"faces": {
				"north": {"uv": [2, 13, 14, 16], "texture": "#3"},
				"south": {"uv": [2, 16, 14, 13], "rotation": 180, "texture": "#3"},
				"down": {"uv": [2, 13, 14, 16], "rotation": 180, "texture": "#3"}
			}
		},
		{
			"name": "door_upper_outer_0",
			"from": [11, 27, 6.5],
			"to": [16, 32, 9.5],
			"rotation": {"angle": 0, "axis": "y", "origin": [7.81944, 21, 8]},
			"faces": {
				"north": {"uv": [0, 0, 5, 5], "texture": "#3"},
				"east": {"uv": [0, 0, 3, 5], "texture": "#3"},
				"south": {"uv": [0, 5, 5, 0], "rotation": 180, "texture": "#3"},
				"up": {"uv": [5, 0, 0, 3], "texture": "#3"}
			}
		},
		{
			"name": "door_upper_outer_1",
			"from": [0, 29, 6.5],
			"to": [11, 32, 9.5],
			"rotation": {"angle": 0, "axis": "y", "origin": [7.81944, 21, 8]},
			"faces": {
				"north": {"uv": [5, 0, 16, 3], "texture": "#3"},
				"south": {"uv": [5, 3, 16, 0], "rotation": 180, "texture": "#3"},
				"west": {"uv": [13, 0, 16, 3], "texture": "#3"},
				"up": {"uv": [16, 0, 5, 3], "texture": "#3"}
			}
		},
		{
			"name": "door_upper_outer_2",
			"from": [10, 28, 6.5],
			"to": [11, 29, 9.5],
			"rotation": {"angle": 0, "axis": "y", "origin": [7.81944, 21, 8]},
			"faces": {
				"north": {"uv": [5, 3, 6, 4], "texture": "#3"},
				"south": {"uv": [5, 4, 6, 3], "rotation": 180, "texture": "#3"}
			}
		},
		{
			"name": "door_upper_outer_3",
			"from": [0, 28, 6.5],
			"to": [6, 29, 9.5],
			"rotation": {"angle": 0, "axis": "y", "origin": [7.81944, 21, 8]},
			"faces": {
				"north": {"uv": [10, 3, 16, 4], "texture": "#3"},
				"south": {"uv": [10, 4, 16, 3], "rotation": 180, "texture": "#3"},
				"west": {"uv": [13, 3, 16, 4], "texture": "#3"}
			}
		},
		{
			"name": "door_upper_outer_4",
			"from": [0, 27, 6.5],
			"to": [5, 28, 9.5],
			"rotation": {"angle": 0, "axis": "y", "origin": [7.81944, 21, 8]},
			"faces": {
				"north": {"uv": [11, 4, 16, 5], "texture": "#3"},
				"south": {"uv": [11, 5, 16, 4], "rotation": 180, "texture": "#3"},
				"west": {"uv": [13, 4, 16, 5], "texture": "#3"}
			}
		},
		{
			"name": "door_upper_outer_5",
			"from": [13, 24, 6.5],
			"to": [16, 27, 9.5],
			"rotation": {"angle": 0, "axis": "y", "origin": [7.81944, 21, 8]},
			"faces": {
				"north": {"uv": [0, 5, 3, 8], "texture": "#3"},
				"east": {"uv": [0, 5, 3, 8], "texture": "#3"},
				"south": {"uv": [0, 8, 3, 5], "rotation": 180, "texture": "#3"}
			}
		},
		{
			"name": "door_upper_outer_6",
			"from": [12, 26, 6.5],
			"to": [13, 27, 9.5],
			"rotation": {"angle": 0, "axis": "y", "origin": [7.81944, 21, 8]},
			"faces": {
				"north": {"uv": [3, 5, 4, 6], "texture": "#3"},
				"south": {"uv": [3, 6, 4, 5], "rotation": 180, "texture": "#3"}
			}
		},
		{
			"name": "door_upper_outer_7",
			"from": [0, 26, 6.5],
			"to": [4, 27, 9.5],
			"rotation": {"angle": 0, "axis": "y", "origin": [7.81944, 21, 8]},
			"faces": {
				"north": {"uv": [12, 5, 16, 6], "texture": "#3"},
				"south": {"uv": [12, 6, 16, 5], "rotation": 180, "texture": "#3"},
				"west": {"uv": [13, 5, 16, 6], "texture": "#3"}
			}
		},
		{
			"name": "door_upper_outer_8",
			"from": [0, 24, 6.5],
			"to": [3, 26, 9.5],
			"rotation": {"angle": 0, "axis": "y", "origin": [7.81944, 21, 8]},
			"faces": {
				"north": {"uv": [13, 6, 16, 8], "texture": "#3"},
				"south": {"uv": [13, 8, 16, 6], "rotation": 180, "texture": "#3"},
				"west": {"uv": [13, 6, 16, 8], "texture": "#3"}
			}
		},
		{
			"name": "door_upper_outer_9",
			"from": [14, 16, 6.5],
			"to": [16, 24, 9.5],
			"rotation": {"angle": 0, "axis": "y", "origin": [7.81944, 21, 8]},
			"faces": {
				"north": {"uv": [0, 8, 2, 16], "texture": "#3"},
				"east": {"uv": [0, 8, 3, 16], "texture": "#3"},
				"south": {"uv": [0, 16, 2, 8], "rotation": 180, "texture": "#3"}
			}
		},
		{
			"name": "door_upper_outer_10",
			"from": [0, 16, 6.5],
			"to": [2, 24, 9.5],
			"rotation": {"angle": 0, "axis": "y", "origin": [7.81944, 21, 8]},
			"faces": {
				"north": {"uv": [14, 8, 16, 16], "texture": "#3"},
				"south": {"uv": [14, 16, 16, 8], "rotation": 180, "texture": "#3"},
				"west": {"uv": [13, 8, 16, 16], "texture": "#3"}
			}
		},
		{
			"name": "door_upper_outer_11",
			"from": [13, 16, 6.5],
			"to": [14, 20, 9.5],
			"rotation": {"angle": 0, "axis": "y", "origin": [7.81944, 21, 8]},
			"faces": {
				"north": {"uv": [2, 12, 3, 16], "texture": "#3"},
				"south": {"uv": [2, 16, 3, 12], "rotation": 180, "texture": "#3"}
			}
		},
		{
			"name": "door_upper_outer_12",
			"from": [2, 16, 6.5],
			"to": [3, 20, 9.5],
			"rotation": {"angle": 0, "axis": "y", "origin": [7.81944, 21, 8]},
			"faces": {
				"north": {"uv": [13, 12, 14, 16], "texture": "#3"},
				"south": {"uv": [13, 16, 14, 12], "rotation": 180, "texture": "#3"}
			}
		},
		{
			"name": "door_upper_outer_13",
			"from": [12, 16, 6.5],
			"to": [13, 18, 9.5],
			"rotation": {"angle": 0, "axis": "y", "origin": [7.81944, 21, 8]},
			"faces": {
				"north": {"uv": [3, 14, 4, 16], "texture": "#3"},
				"south": {"uv": [3, 16, 4, 14], "rotation": 180, "texture": "#3"}
			}
		},
		{
			"name": "door_upper_outer_14",
			"from": [3, 16, 6.5],
			"to": [4, 18, 9.5],
			"rotation": {"angle": 0, "axis": "y", "origin": [7.81944, 21, 8]},
			"faces": {
				"north": {"uv": [12, 14, 13, 16], "texture": "#3"},
				"south": {"uv": [12, 16, 13, 14], "rotation": 180, "texture": "#3"}
			}
		},
		{
			"name": "door_upper_inner_0",
			"from": [6, 25, 6.5],
			"to": [10, 29, 9.5],
			"rotation": {"angle": 0, "axis": "y", "origin": [7.81944, 21, 8]},
			"faces": {
				"north": {"uv": [6, 3, 10, 7], "texture": "#2"},
				"south": {"uv": [6, 7, 10, 3], "rotation": 180, "texture": "#2"},
				"down": {"uv": [6, 6, 10, 9], "rotation": 180, "texture": "#2"}
			}
		},
		{
			"name": "door_upper_inner_1",
			"from": [10, 25, 6.5],
			"to": [11, 28, 9.5],
			"rotation": {"angle": 0, "axis": "y", "origin": [7.81944, 21, 8]},
			"faces": {
				"north": {"uv": [5, 4, 6, 7], "texture": "#2"},
				"south": {"uv": [5, 7, 6, 4], "rotation": 180, "texture": "#2"},
				"down": {"uv": [5, 6, 6, 9], "rotation": 180, "texture": "#2"}
			}
		},
		{
			"name": "door_upper_inner_2",
			"from": [5, 25, 6.5],
			"to": [6, 28, 9.5],
			"rotation": {"angle": 0, "axis": "y", "origin": [7.81944, 21, 8]},
			"faces": {
				"north": {"uv": [10, 4, 11, 7], "texture": "#2"},
				"south": {"uv": [10, 7, 11, 4], "rotation": 180, "texture": "#2"},
				"down": {"uv": [10, 6, 11, 9], "rotation": 180, "texture": "#2"}
			}
		},
		{
			"name": "door_upper_inner_3",
			"from": [11, 16, 6.5],
			"to": [12, 27, 9.5],
			"rotation": {"angle": 0, "axis": "y", "origin": [7.81944, 21, 8]},
			"faces": {
				"north": {"uv": [4, 5, 5, 16], "texture": "#2"},
				"south": {"uv": [4, 16, 5, 5], "rotation": 180, "texture": "#2"},
				"west": {"uv": [4, 5, 7, 16], "texture": "#2"}
			}
		},
		{
			"name": "door_upper_inner_4",
			"from": [4, 16, 6.5],
			"to": [5, 27, 9.5],
			"rotation": {"angle": 0, "axis": "y", "origin": [7.81944, 21, 8]},
			"faces": {
				"north": {"uv": [11, 5, 12, 16], "texture": "#2"},
				"east": {"uv": [11, 5, 14, 16], "texture": "#2"},
				"south": {"uv": [11, 16, 12, 5], "rotation": 180, "texture": "#2"}
			}
		},
		{
			"name": "door_upper_inner_5",
			"from": [12, 18, 6.5],
			"to": [13, 26, 9.5],
			"rotation": {"angle": 0, "axis": "y", "origin": [7.81944, 21, 8]},
			"faces": {
				"north": {"uv": [3, 6, 4, 14], "texture": "#2"},
				"south": {"uv": [3, 14, 4, 6], "rotation": 180, "texture": "#2"}
			}
		},
		{
			"name": "door_upper_inner_6",
			"from": [3, 18, 6.5],
			"to": [4, 26, 9.5],
			"rotation": {"angle": 0, "axis": "y", "origin": [7.81944, 21, 8]},
			"faces": {
				"north": {"uv": [12, 6, 13, 14], "texture": "#2"},
				"south": {"uv": [12, 14, 13, 6], "rotation": 180, "texture": "#2"}
			}
		},
		{
			"name": "door_upper_inner_7",
			"from": [7, 23, 6.5],
			"to": [9, 25, 9.5],
			"rotation": {"angle": 0, "axis": "y", "origin": [7.81944, 21, 8]},
			"faces": {
				"north": {"uv": [7, 7, 9, 9], "texture": "#2"},
				"east": {"uv": [7, 7, 10, 9], "texture": "#2"},
				"south": {"uv": [7, 9, 9, 7], "rotation": 180, "texture": "#2"},
				"west": {"uv": [8, 7, 11, 9], "texture": "#2"},
				"down": {"uv": [7, 8, 9, 11], "rotation": 180, "texture": "#2"}
			}
		},
		{
			"name": "door_upper_inner_8",
			"from": [13, 20, 6.5],
			"to": [14, 24, 9.5],
			"rotation": {"angle": 0, "axis": "y", "origin": [7.81944, 21, 8]},
			"faces": {
				"north": {"uv": [2, 8, 3, 12], "texture": "#2"},
				"south": {"uv": [2, 12, 3, 8], "rotation": 180, "texture": "#2"}
			}
		},
		{
			"name": "door_upper_inner_9",
			"from": [2, 20, 6.5],
			"to": [3, 24, 9.5],
			"rotation": {"angle": 0, "axis": "y", "origin": [7.81944, 21, 8]},
			"faces": {
				"north": {"uv": [13, 8, 14, 12], "texture": "#2"},
				"south": {"uv": [13, 12, 14, 8], "rotation": 180, "texture": "#2"}
			}
		},
		{
			"name": "door_upper_inner_10",
			"from": [9, 22, 6.5],
			"to": [11, 23, 9.5],
			"rotation": {"angle": 0, "axis": "y", "origin": [7.81944, 21, 8]},
			"faces": {
				"north": {"uv": [5, 9, 7, 10], "texture": "#2"},
				"south": {"uv": [5, 10, 7, 9], "rotation": 180, "texture": "#2"},
				"west": {"uv": [6, 9, 9, 10], "texture": "#2"},
				"up": {"uv": [7, 9, 5, 12], "texture": "#2"},
				"down": {"uv": [5, 9, 7, 12], "rotation": 180, "texture": "#2"}
			}
		},
		{
			"name": "door_upper_inner_11",
			"from": [5, 22, 6.5],
			"to": [7, 23, 9.5],
			"rotation": {"angle": 0, "axis": "y", "origin": [7.81944, 21, 8]},
			"faces": {
				"north": {"uv": [9, 9, 11, 10], "texture": "#2"},
				"east": {"uv": [9, 9, 12, 10], "texture": "#2"},
				"south": {"uv": [9, 10, 11, 9], "rotation": 180, "texture": "#2"},
				"up": {"uv": [11, 9, 9, 12], "texture": "#2"},
				"down": {"uv": [9, 9, 11, 12], "rotation": 180, "texture": "#2"}
			}
		},
		{
			"name": "door_upper_inner_12",
			"from": [10, 16, 6.5],
			"to": [11, 22, 9.5],
			"rotation": {"angle": 0, "axis": "y", "origin": [7.81944, 21, 8]},
			"faces": {
				"north": {"uv": [5, 10, 6, 16], "texture": "#2"},
				"south": {"uv": [5, 16, 6, 10], "rotation": 180, "texture": "#2"},
				"west": {"uv": [5, 10, 8, 16], "texture": "#2"}
			}
		},
		{
			"name": "door_upper_inner_13",
			"from": [5, 16, 6.5],
			"to": [6, 22, 9.5],
			"rotation": {"angle": 0, "axis": "y", "origin": [7.81944, 21, 8]},
			"faces": {
				"north": {"uv": [10, 10, 11, 16], "texture": "#2"},
				"east": {"uv": [10, 10, 13, 16], "texture": "#2"},
				"south": {"uv": [10, 16, 11, 10], "rotation": 180, "texture": "#2"}
			}
		},
		{
			"name": "door_upper_inner_14",
			"from": [7, 16, 6.5],
			"to": [9, 20, 9.5],
			"rotation": {"angle": 0, "axis": "y", "origin": [7.81944, 21, 8]},
			"faces": {
				"north": {"uv": [7, 12, 9, 16], "texture": "#2"},
				"east": {"uv": [7, 12, 10, 16], "texture": "#2"},
				"south": {"uv": [7, 16, 9, 12], "rotation": 180, "texture": "#2"},
				"west": {"uv": [8, 12, 11, 16], "texture": "#2"},
				"up": {"uv": [9, 12, 7, 15], "texture": "#2"}
			}
		},
		{
			"name": "door_upper_inner_15",
			"from": [9, 16, 6.5],
			"to": [10, 19, 9.5],
			"rotation": {"angle": 0, "axis": "y", "origin": [7.81944, 21, 8]},
			"faces": {
				"north": {"uv": [6, 13, 7, 16], "texture": "#2"},
				"south": {"uv": [6, 16, 7, 13], "rotation": 180, "texture": "#2"},
				"up": {"uv": [7, 13, 6, 16], "texture": "#2"}
			}
		},
		{
			"name": "door_upper_inner_16",
			"from": [6, 16, 6.5],
			"to": [7, 19, 9.5],
			"rotation": {"angle": 0, "axis": "y", "origin": [7.81944, 21, 8]},
			"faces": {
				"north": {"uv": [9, 13, 10, 16], "texture": "#2"},
				"south": {"uv": [9, 16, 10, 13], "rotation": 180, "texture": "#2"},
				"up": {"uv": [10, 13, 9, 16], "texture": "#2"}
			}
		}
	],
	"gui_light": "front",
	"display": {
		"thirdperson_righthand": {
			"translation": [0, 0, 1],
			"scale": [0.22, 0.22, 0.22]
		},
		"thirdperson_lefthand": {
			"translation": [0, 0, 1],
			"scale": [0.22, 0.22, 0.22]
		},
		"firstperson_righthand": {
			"rotation": [0, -90, 25],
			"translation": [1.25, -0.5, 1],
			"scale": [0.34, 0.34, 0.34]
		},
		"firstperson_lefthand": {
			"rotation": [0, -90, 25],
			"translation": [1.25, -0.5, 1],
			"scale": [0.34, 0.34, 0.34]
		},
		"ground": {
			"translation": [0, 3, 0],
			"scale": [0.25, 0.25, 0.25]
		},
		"gui": {
			"translation": [0, -3.5, 0],
			"scale": [0.45, 0.45, 0.45]
		},
		"head": {
			"rotation": [0, 180, 0],
			"translation": [0, 1.5, -5.5]
		},
		"fixed": {
			"translation": [0, -4, 0],
			"scale": [0.5, 0.5, 0.5]
		}
	},
	"groups": [
		{
			"name": "door_full_spec",
			"origin": [8, 8, 8],
			"color": 0,
			"children": [
				{
					"name": "door_lower",
					"origin": [8, 8, 8],
					"color": 0,
					"children": [
						{
							"name": "door_lower_inner",
							"origin": [8, 8, 8],
							"color": 0,
							"children": [0]
						},
						{
							"name": "door_lower_outer",
							"origin": [8, 8, 8],
							"color": 0,
							"children": [1, 2, 3]
						}
					]
				}
			]
		},
		{
			"name": "door_top_creeper_spec",
			"origin": [8, 8, 8],
			"color": 0,
			"children": [
				{
					"name": "door_upper",
					"origin": [8, 8, 8],
					"color": 0,
					"children": [
						{
							"name": "door_upper_outer",
							"origin": [8, 8, 8],
							"color": 0,
							"children": [4, 5, 6, 7, 8, 9, 10, 11, 12, 13, 14, 15, 16, 17, 18]
						},
						{
							"name": "door_upper_inner",
							"origin": [8, 8, 8],
							"color": 0,
							"children": [19, 20, 21, 22, 23, 24, 25, 26, 27, 28, 29, 30, 31, 32, 33, 34, 35]
						}
					]
				}
			]
		}
	]
}