{
	"variants": {
		"facing=down": {
			"model": "domum_ornamentum:block/timber_frames/down_gated",
			"x": 180,
			"uvlock": true
		},
		"facing=east": {
			"model": "domum_ornamentum:block/timber_frames/down_gated",
			"x": 90,
			"y": 90,
			"uvlock": true
		},
		"facing=north": {
			"model": "domum_ornamentum:block/timber_frames/down_gated",
			"x": 90,
			"uvlock": true
		},
		"facing=south": {
			"model": "domum_ornamentum:block/timber_frames/down_gated",
			"x": 90,
			"y": 180,
			"uvlock": true
		},
		"facing=up": {
			"model": "domum_ornamentum:block/timber_frames/down_gated",
			"uvlock": true
		},
		"facing=west": {
			"model": "domum_ornamentum:block/timber_frames/down_gated",
			"x": 90,
			"y": 270,
			"uvlock": true
		}
	},
	"READ ME!!!": "DO NOT EDIT THIS FILE. DON'T TOUCH IT, TOUCH IT AND YOU WILL REGRET IT ~~ AshersLab (Use the Data Generators!"
}