{
	"variants": {
		"facing=east,type=creeper,half=bottom,open=false": {
			"model": "domum_ornamentum:block/trapdoors/fancy/trapdoor_creeper",
			"y": 90,
			"uvlock": true
		},
		"facing=east,type=creeper,half=bottom,open=true": {
			"model": "domum_ornamentum:block/trapdoors/fancy/trapdoor_creeper",
			"x": 90,
			"y": 90,
			"uvlock": true
		},
		"facing=east,type=creeper,half=top,open=false": {
			"model": "domum_ornamentum:block/trapdoors/fancy/trapdoor_creeper",
			"x": 180,
			"y": 90,
			"uvlock": true
		},
		"facing=east,type=creeper,half=top,open=true": {
			"model": "domum_ornamentum:block/trapdoors/fancy/trapdoor_creeper",
			"x": -90,
			"y": 270,
			"uvlock": true
		},
		"facing=east,type=full,half=bottom,open=false": {
			"model": "domum_ornamentum:block/trapdoors/fancy/trapdoor_full",
			"y": 90,
			"uvlock": true
		},
		"facing=east,type=full,half=bottom,open=true": {
			"model": "domum_ornamentum:block/trapdoors/fancy/trapdoor_full",
			"x": 90,
			"y": 90,
			"uvlock": true
		},
		"facing=east,type=full,half=top,open=false": {
			"model": "domum_ornamentum:block/trapdoors/fancy/trapdoor_full",
			"x": 180,
			"y": 90,
			"uvlock": true
		},
		"facing=east,type=full,half=top,open=true": {
			"model": "domum_ornamentum:block/trapdoors/fancy/trapdoor_full",
			"x": -90,
			"y": 270,
			"uvlock": true
		},
		"facing=north,type=creeper,half=bottom,open=false": {
			"model": "domum_ornamentum:block/trapdoors/fancy/trapdoor_creeper",
			"uvlock": true
		},
		"facing=north,type=creeper,half=bottom,open=true": {
			"model": "domum_ornamentum:block/trapdoors/fancy/trapdoor_creeper",
			"x": 90,
			"uvlock": true
		},
		"facing=north,type=creeper,half=top,open=false": {
			"model": "domum_ornamentum:block/trapdoors/fancy/trapdoor_creeper",
			"x": 180,
			"uvlock": true
		},
		"facing=north,type=creeper,half=top,open=true": {
			"model": "domum_ornamentum:block/trapdoors/fancy/trapdoor_creeper",
			"x": -90,
			"y": 180,
			"uvlock": true
		},
		"facing=north,type=full,half=bottom,open=false": {
			"model": "domum_ornamentum:block/trapdoors/fancy/trapdoor_full",
			"uvlock": true
		},
		"facing=north,type=full,half=bottom,open=true": {
			"model": "domum_ornamentum:block/trapdoors/fancy/trapdoor_full",
			"x": 90,
			"uvlock": true
		},
		"facing=north,type=full,half=top,open=false": {
			"model": "domum_ornamentum:block/trapdoors/fancy/trapdoor_full",
			"x": 180,
			"uvlock": true
		},
		"facing=north,type=full,half=top,open=true": {
			"model": "domum_ornamentum:block/trapdoors/fancy/trapdoor_full",
			"x": -90,
			"y": 180,
			"uvlock": true
		},
		"facing=south,type=creeper,half=bottom,open=false": {
			"model": "domum_ornamentum:block/trapdoors/fancy/trapdoor_creeper",
			"y": 180,
			"uvlock": true
		},
		"facing=south,type=creeper,half=bottom,open=true": {
			"model": "domum_ornamentum:block/trapdoors/fancy/trapdoor_creeper",
			"x": 90,
			"y": 180,
			"uvlock": true
		},
		"facing=south,type=creeper,half=top,open=false": {
			"model": "domum_ornamentum:block/trapdoors/fancy/trapdoor_creeper",
			"x": 180,
			"y": 180,
			"uvlock": true
		},
		"facing=south,type=creeper,half=top,open=true": {
			"model": "domum_ornamentum:block/trapdoors/fancy/trapdoor_creeper",
			"x": -90,
			"y": 360,
			"uvlock": true
		},
		"facing=south,type=full,half=bottom,open=false": {
			"model": "domum_ornamentum:block/trapdoors/fancy/trapdoor_full",
			"y": 180,
			"uvlock": true
		},
		"facing=south,type=full,half=bottom,open=true": {
			"model": "domum_ornamentum:block/trapdoors/fancy/trapdoor_full",
			"x": 90,
			"y": 180,
			"uvlock": true
		},
		"facing=south,type=full,half=top,open=false": {
			"model": "domum_ornamentum:block/trapdoors/fancy/trapdoor_full",
			"x": 180,
			"y": 180,
			"uvlock": true
		},
		"facing=south,type=full,half=top,open=true": {
			"model": "domum_ornamentum:block/trapdoors/fancy/trapdoor_full",
			"x": -90,
			"y": 360,
			"uvlock": true
		},
		"facing=west,type=creeper,half=bottom,open=false": {
			"model": "domum_ornamentum:block/trapdoors/fancy/trapdoor_creeper",
			"y": 270,
			"uvlock": true
		},
		"facing=west,type=creeper,half=bottom,open=true": {
			"model": "domum_ornamentum:block/trapdoors/fancy/trapdoor_creeper",
			"x": 90,
			"y": 270,
			"uvlock": true
		},
		"facing=west,type=creeper,half=top,open=false": {
			"model": "domum_ornamentum:block/trapdoors/fancy/trapdoor_creeper",
			"x": 180,
			"y": 270,
			"uvlock": true
		},
		"facing=west,type=creeper,half=top,open=true": {
			"model": "domum_ornamentum:block/trapdoors/fancy/trapdoor_creeper",
			"x": -90,
			"y": 450,
			"uvlock": true
		},
		"facing=west,type=full,half=bottom,open=false": {
			"model": "domum_ornamentum:block/trapdoors/fancy/trapdoor_full",
			"y": 270
		},
		"facing=west,type=full,half=bottom,open=true": {
			"model": "domum_ornamentum:block/trapdoors/fancy/trapdoor_full",
			"x": 90,
			"y": 270,
			"uvlock": true
		},
		"facing=west,type=full,half=top,open=false": {
			"model": "domum_ornamentum:block/trapdoors/fancy/trapdoor_full",
			"x": 180,
			"y": 270,
			"uvlock": true
		},
		"facing=west,type=full,half=top,open=true": {
			"model": "domum_ornamentum:block/trapdoors/fancy/trapdoor_full",
			"x": -90,
			"y": 450,
			"uvlock": true
		}
	},
	"READ ME!!!": "DO NOT EDIT THIS FILE. DON'T TOUCH IT, TOUCH IT AND YOU WILL REGRET IT ~~ AshersLab (Use the Data Generators!"
}