{
	"variants": {
		"facing=east,type=full,half=bottom,open=false": {
			"model": "domum_ornamentum:block/trapdoors/trapdoor_full",
			"uvlock": true,
			"y": 90
		},
		"facing=east,type=full,half=bottom,open=true": {
			"model": "domum_ornamentum:block/trapdoors/trapdoor_full",
			"uvlock": true,
			"x": 90,
			"y": 90
		},
		"facing=east,type=full,half=top,open=false": {
			"model": "domum_ornamentum:block/trapdoors/trapdoor_full",
			"uvlock": true,
			"x": 180,
			"y": 90
		},
		"facing=east,type=full,half=top,open=true": {
			"model": "domum_ornamentum:block/trapdoors/trapdoor_full",
			"uvlock": true,
			"x": -90,
			"y": 270
		},
		"facing=east,type=horizontally_squiggly_striped,half=bottom,open=false": {
			"model": "domum_ornamentum:block/trapdoors/trapdoor_horizontally_squiggly_striped",
			"uvlock": true,
			"y": 90
		},
		"facing=east,type=horizontally_squiggly_striped,half=bottom,open=true": {
			"model": "domum_ornamentum:block/trapdoors/trapdoor_horizontally_squiggly_striped",
			"uvlock": true,
			"x": 90,
			"y": 90
		},
		"facing=east,type=horizontally_squiggly_striped,half=top,open=false": {
			"model": "domum_ornamentum:block/trapdoors/trapdoor_horizontally_squiggly_striped",
			"uvlock": true,
			"x": 180,
			"y": 90
		},
		"facing=east,type=horizontally_squiggly_striped,half=top,open=true": {
			"model": "domum_ornamentum:block/trapdoors/trapdoor_horizontally_squiggly_striped",
			"uvlock": true,
			"x": -90,
			"y": 270
		},
		"facing=east,type=horizontally_striped,half=bottom,open=false": {
			"model": "domum_ornamentum:block/trapdoors/trapdoor_horizontally_striped",
			"uvlock": true,
			"y": 90
		},
		"facing=east,type=horizontally_striped,half=bottom,open=true": {
			"model": "domum_ornamentum:block/trapdoors/trapdoor_horizontally_striped",
			"uvlock": true,
			"x": 90,
			"y": 90
		},
		"facing=east,type=horizontally_striped,half=top,open=false": {
			"model": "domum_ornamentum:block/trapdoors/trapdoor_horizontally_striped",
			"uvlock": true,
			"x": 180,
			"y": 90
		},
		"facing=east,type=horizontally_striped,half=top,open=true": {
			"model": "domum_ornamentum:block/trapdoors/trapdoor_horizontally_striped",
			"uvlock": true,
			"x": -90,
			"y": 270
		},
		"facing=east,type=port_manteau,half=bottom,open=false": {
			"model": "domum_ornamentum:block/trapdoors/trapdoor_port_manteau",
			"uvlock": true,
			"y": 90
		},
		"facing=east,type=port_manteau,half=bottom,open=true": {
			"model": "domum_ornamentum:block/trapdoors/trapdoor_port_manteau",
			"uvlock": true,
			"x": 90,
			"y": 90
		},
		"facing=east,type=port_manteau,half=top,open=false": {
			"model": "domum_ornamentum:block/trapdoors/trapdoor_port_manteau",
			"uvlock": true,
			"x": 180,
			"y": 90
		},
		"facing=east,type=port_manteau,half=top,open=true": {
			"model": "domum_ornamentum:block/trapdoors/trapdoor_port_manteau",
			"uvlock": true,
			"x": -90,
			"y": 270
		},
		"facing=east,type=vertically_squiggly_striped,half=bottom,open=false": {
			"model": "domum_ornamentum:block/trapdoors/trapdoor_vertically_squiggly_striped",
			"uvlock": true,
			"y": 90
		},
		"facing=east,type=vertically_squiggly_striped,half=bottom,open=true": {
			"model": "domum_ornamentum:block/trapdoors/trapdoor_vertically_squiggly_striped",
			"uvlock": true,
			"x": 90,
			"y": 90
		},
		"facing=east,type=vertically_squiggly_striped,half=top,open=false": {
			"model": "domum_ornamentum:block/trapdoors/trapdoor_vertically_squiggly_striped",
			"uvlock": true,
			"x": 180,
			"y": 90
		},
		"facing=east,type=vertically_squiggly_striped,half=top,open=true": {
			"model": "domum_ornamentum:block/trapdoors/trapdoor_vertically_squiggly_striped",
			"uvlock": true,
			"x": -90,
			"y": 270
		},
		"facing=east,type=vertically_striped,half=bottom,open=false": {
			"model": "domum_ornamentum:block/trapdoors/trapdoor_vertically_striped",
			"uvlock": true,
			"y": 90
		},
		"facing=east,type=vertically_striped,half=bottom,open=true": {
			"model": "domum_ornamentum:block/trapdoors/trapdoor_vertically_striped",
			"uvlock": true,
			"x": 90,
			"y": 90
		},
		"facing=east,type=vertically_striped,half=top,open=false": {
			"model": "domum_ornamentum:block/trapdoors/trapdoor_vertically_striped",
			"uvlock": true,
			"x": 180,
			"y": 90
		},
		"facing=east,type=vertically_striped,half=top,open=true": {
			"model": "domum_ornamentum:block/trapdoors/trapdoor_vertically_striped",
			"uvlock": true,
			"x": -90,
			"y": 270
		},
		"facing=east,type=waffle,half=bottom,open=false": {
			"model": "domum_ornamentum:block/trapdoors/trapdoor_waffle",
			"uvlock": true,
			"y": 90
		},
		"facing=east,type=waffle,half=bottom,open=true": {
			"model": "domum_ornamentum:block/trapdoors/trapdoor_waffle",
			"x": 90,
			"uvlock": true,
			"y": 90
		},
		"facing=east,type=waffle,half=top,open=false": {
			"model": "domum_ornamentum:block/trapdoors/trapdoor_waffle",
			"uvlock": true,
			"x": 180,
			"y": 90
		},
		"facing=east,type=waffle,half=top,open=true": {
			"model": "domum_ornamentum:block/trapdoors/trapdoor_waffle",
			"uvlock": true,
			"x": -90,
			"y": 270
		},
		"facing=north,type=full,half=bottom,open=false": {
			"model": "domum_ornamentum:block/trapdoors/trapdoor_full",
			"uvlock": true
		},
		"facing=north,type=full,half=bottom,open=true": {
			"model": "domum_ornamentum:block/trapdoors/trapdoor_full",
			"uvlock": true,
			"x": 90
		},
		"facing=north,type=full,half=top,open=false": {
			"model": "domum_ornamentum:block/trapdoors/trapdoor_full",
			"uvlock": true,
			"x": 180
		},
		"facing=north,type=full,half=top,open=true": {
			"model": "domum_ornamentum:block/trapdoors/trapdoor_full",
			"uvlock": true,
			"x": -90,
			"y": 180
		},
		"facing=north,type=horizontally_squiggly_striped,half=bottom,open=false": {
			"model": "domum_ornamentum:block/trapdoors/trapdoor_horizontally_squiggly_striped",
			"uvlock": true
		},
		"facing=north,type=horizontally_squiggly_striped,half=bottom,open=true": {
			"model": "domum_ornamentum:block/trapdoors/trapdoor_horizontally_squiggly_striped",
			"uvlock": true,
			"x": 90
		},
		"facing=north,type=horizontally_squiggly_striped,half=top,open=false": {
			"model": "domum_ornamentum:block/trapdoors/trapdoor_horizontally_squiggly_striped",
			"uvlock": true,
			"x": 180
		},
		"facing=north,type=horizontally_squiggly_striped,half=top,open=true": {
			"model": "domum_ornamentum:block/trapdoors/trapdoor_horizontally_squiggly_striped",
			"uvlock": true,
			"x": -90,
			"y": 180
		},
		"facing=north,type=horizontally_striped,half=bottom,open=false": {
			"model": "domum_ornamentum:block/trapdoors/trapdoor_horizontally_striped",
			"uvlock": true
		},
		"facing=north,type=horizontally_striped,half=bottom,open=true": {
			"model": "domum_ornamentum:block/trapdoors/trapdoor_horizontally_striped",
			"uvlock": true,
			"x": 90
		},
		"facing=north,type=horizontally_striped,half=top,open=false": {
			"model": "domum_ornamentum:block/trapdoors/trapdoor_horizontally_striped",
			"uvlock": true,
			"x": 180
		},
		"facing=north,type=horizontally_striped,half=top,open=true": {
			"model": "domum_ornamentum:block/trapdoors/trapdoor_horizontally_striped",
			"uvlock": true,
			"x": -90,
			"y": 180
		},
		"facing=north,type=port_manteau,half=bottom,open=false": {
			"model": "domum_ornamentum:block/trapdoors/trapdoor_port_manteau",
			"uvlock": true
		},
		"facing=north,type=port_manteau,half=bottom,open=true": {
			"model": "domum_ornamentum:block/trapdoors/trapdoor_port_manteau",
			"uvlock": true,
			"x": 90
		},
		"facing=north,type=port_manteau,half=top,open=false": {
			"model": "domum_ornamentum:block/trapdoors/trapdoor_port_manteau",
			"uvlock": true,
			"x": 180
		},
		"facing=north,type=port_manteau,half=top,open=true": {
			"model": "domum_ornamentum:block/trapdoors/trapdoor_port_manteau",
			"uvlock": true,
			"x": -90,
			"y": 180
		},
		"facing=north,type=vertically_squiggly_striped,half=bottom,open=false": {
			"model": "domum_ornamentum:block/trapdoors/trapdoor_vertically_squiggly_striped",
			"uvlock": true
		},
		"facing=north,type=vertically_squiggly_striped,half=bottom,open=true": {
			"model": "domum_ornamentum:block/trapdoors/trapdoor_vertically_squiggly_striped",
			"uvlock": true,
			"x": 90
		},
		"facing=north,type=vertically_squiggly_striped,half=top,open=false": {
			"model": "domum_ornamentum:block/trapdoors/trapdoor_vertically_squiggly_striped",
			"uvlock": true,
			"x": 180
		},
		"facing=north,type=vertically_squiggly_striped,half=top,open=true": {
			"model": "domum_ornamentum:block/trapdoors/trapdoor_vertically_squiggly_striped",
			"uvlock": true,
			"x": -90,
			"y": 180
		},
		"facing=north,type=vertically_striped,half=bottom,open=false": {
			"model": "domum_ornamentum:block/trapdoors/trapdoor_vertically_striped",
			"uvlock": true
		},
		"facing=north,type=vertically_striped,half=bottom,open=true": {
			"model": "domum_ornamentum:block/trapdoors/trapdoor_vertically_striped",
			"uvlock": true,
			"x": 90
		},
		"facing=north,type=vertically_striped,half=top,open=false": {
			"model": "domum_ornamentum:block/trapdoors/trapdoor_vertically_striped",
			"uvlock": true,
			"x": 180
		},
		"facing=north,type=vertically_striped,half=top,open=true": {
			"model": "domum_ornamentum:block/trapdoors/trapdoor_vertically_striped",
			"uvlock": true,
			"x": -90,
			"y": 180
		},
		"facing=north,type=waffle,half=bottom,open=false": {
			"model": "domum_ornamentum:block/trapdoors/trapdoor_waffle",
			"uvlock": true
		},
		"facing=north,type=waffle,half=bottom,open=true": {
			"model": "domum_ornamentum:block/trapdoors/trapdoor_waffle",
			"uvlock": true,
			"x": 90
		},
		"facing=north,type=waffle,half=top,open=false": {
			"model": "domum_ornamentum:block/trapdoors/trapdoor_waffle",
			"uvlock": true,
			"x": 180
		},
		"facing=north,type=waffle,half=top,open=true": {
			"model": "domum_ornamentum:block/trapdoors/trapdoor_waffle",
			"uvlock": true,
			"x": -90,
			"y": 180
		},
		"facing=south,type=full,half=bottom,open=false": {
			"model": "domum_ornamentum:block/trapdoors/trapdoor_full",
			"uvlock": true,
			"y": 180
		},
		"facing=south,type=full,half=bottom,open=true": {
			"model": "domum_ornamentum:block/trapdoors/trapdoor_full",
			"uvlock": true,
			"x": 90,
			"y": 180
		},
		"facing=south,type=full,half=top,open=false": {
			"model": "domum_ornamentum:block/trapdoors/trapdoor_full",
			"uvlock": true,
			"x": 180,
			"y": 180
		},
		"facing=south,type=full,half=top,open=true": {
			"model": "domum_ornamentum:block/trapdoors/trapdoor_full",
			"uvlock": true,
			"x": -90,
			"y": 360
		},
		"facing=south,type=horizontally_squiggly_striped,half=bottom,open=false": {
			"model": "domum_ornamentum:block/trapdoors/trapdoor_horizontally_squiggly_striped",
			"uvlock": true,
			"y": 180
		},
		"facing=south,type=horizontally_squiggly_striped,half=bottom,open=true": {
			"model": "domum_ornamentum:block/trapdoors/trapdoor_horizontally_squiggly_striped",
			"uvlock": true,
			"x": 90,
			"y": 180
		},
		"facing=south,type=horizontally_squiggly_striped,half=top,open=false": {
			"model": "domum_ornamentum:block/trapdoors/trapdoor_horizontally_squiggly_striped",
			"uvlock": true,
			"x": 180,
			"y": 180
		},
		"facing=south,type=horizontally_squiggly_striped,half=top,open=true": {
			"model": "domum_ornamentum:block/trapdoors/trapdoor_horizontally_squiggly_striped",
			"uvlock": true,
			"x": -90,
			"y": 360
		},
		"facing=south,type=horizontally_striped,half=bottom,open=false": {
			"model": "domum_ornamentum:block/trapdoors/trapdoor_horizontally_striped",
			"uvlock": true,
			"y": 180
		},
		"facing=south,type=horizontally_striped,half=bottom,open=true": {
			"model": "domum_ornamentum:block/trapdoors/trapdoor_horizontally_striped",
			"uvlock": true,
			"x": 90,
			"y": 180
		},
		"facing=south,type=horizontally_striped,half=top,open=false": {
			"model": "domum_ornamentum:block/trapdoors/trapdoor_horizontally_striped",
			"uvlock": true,
			"x": 180,
			"y": 180
		},
		"facing=south,type=horizontally_striped,half=top,open=true": {
			"model": "domum_ornamentum:block/trapdoors/trapdoor_horizontally_striped",
			"uvlock": true,
			"x": -90,
			"y": 360
		},
		"facing=south,type=port_manteau,half=bottom,open=false": {
			"model": "domum_ornamentum:block/trapdoors/trapdoor_port_manteau",
			"uvlock": true,
			"y": 180
		},
		"facing=south,type=port_manteau,half=bottom,open=true": {
			"model": "domum_ornamentum:block/trapdoors/trapdoor_port_manteau",
			"uvlock": true,
			"x": 90,
			"y": 180
		},
		"facing=south,type=port_manteau,half=top,open=false": {
			"model": "domum_ornamentum:block/trapdoors/trapdoor_port_manteau",
			"uvlock": true,
			"x": 180,
			"y": 180
		},
		"facing=south,type=port_manteau,half=top,open=true": {
			"model": "domum_ornamentum:block/trapdoors/trapdoor_port_manteau",
			"uvlock": true,
			"x": -90,
			"y": 360
		},
		"facing=south,type=vertically_squiggly_striped,half=bottom,open=false": {
			"model": "domum_ornamentum:block/trapdoors/trapdoor_vertically_squiggly_striped",
			"uvlock": true,
			"y": 180
		},
		"facing=south,type=vertically_squiggly_striped,half=bottom,open=true": {
			"model": "domum_ornamentum:block/trapdoors/trapdoor_vertically_squiggly_striped",
			"uvlock": true,
			"x": 90,
			"y": 180
		},
		"facing=south,type=vertically_squiggly_striped,half=top,open=false": {
			"model": "domum_ornamentum:block/trapdoors/trapdoor_vertically_squiggly_striped",
			"uvlock": true,
			"x": 180,
			"y": 180
		},
		"facing=south,type=vertically_squiggly_striped,half=top,open=true": {
			"model": "domum_ornamentum:block/trapdoors/trapdoor_vertically_squiggly_striped",
			"uvlock": true,
			"x": -90,
			"y": 360
		},
		"facing=south,type=vertically_striped,half=bottom,open=false": {
			"model": "domum_ornamentum:block/trapdoors/trapdoor_vertically_striped",
			"uvlock": true,
			"y": 180
		},
		"facing=south,type=vertically_striped,half=bottom,open=true": {
			"model": "domum_ornamentum:block/trapdoors/trapdoor_vertically_striped",
			"uvlock": true,
			"x": 90,
			"y": 180
		},
		"facing=south,type=vertically_striped,half=top,open=false": {
			"model": "domum_ornamentum:block/trapdoors/trapdoor_vertically_striped",
			"uvlock": true,
			"x": 180,
			"y": 180
		},
		"facing=south,type=vertically_striped,half=top,open=true": {
			"model": "domum_ornamentum:block/trapdoors/trapdoor_vertically_striped",
			"uvlock": true,
			"x": -90,
			"y": 360
		},
		"facing=south,type=waffle,half=bottom,open=false": {
			"model": "domum_ornamentum:block/trapdoors/trapdoor_waffle",
			"uvlock": true,
			"y": 180
		},
		"facing=south,type=waffle,half=bottom,open=true": {
			"model": "domum_ornamentum:block/trapdoors/trapdoor_waffle",
			"uvlock": true,
			"x": 90,
			"y": 180
		},
		"facing=south,type=waffle,half=top,open=false": {
			"model": "domum_ornamentum:block/trapdoors/trapdoor_waffle",
			"uvlock": true,
			"x": 180,
			"y": 180
		},
		"facing=south,type=waffle,half=top,open=true": {
			"model": "domum_ornamentum:block/trapdoors/trapdoor_waffle",
			"uvlock": true,
			"x": -90,
			"y": 360
		},
		"facing=west,type=full,half=bottom,open=false": {
			"model": "domum_ornamentum:block/trapdoors/trapdoor_full",
			"uvlock": true,
			"y": 270
		},
		"facing=west,type=full,half=bottom,open=true": {
			"model": "domum_ornamentum:block/trapdoors/trapdoor_full",
			"uvlock": true,
			"x": 90,
			"y": 270
		},
		"facing=west,type=full,half=top,open=false": {
			"model": "domum_ornamentum:block/trapdoors/trapdoor_full",
			"uvlock": true,
			"x": 180,
			"y": 270
		},
		"facing=west,type=full,half=top,open=true": {
			"model": "domum_ornamentum:block/trapdoors/trapdoor_full",
			"uvlock": true,
			"x": -90,
			"y": 450
		},
		"facing=west,type=horizontally_squiggly_striped,half=bottom,open=false": {
			"model": "domum_ornamentum:block/trapdoors/trapdoor_horizontally_squiggly_striped",
			"uvlock": true,
			"y": 270
		},
		"facing=west,type=horizontally_squiggly_striped,half=bottom,open=true": {
			"model": "domum_ornamentum:block/trapdoors/trapdoor_horizontally_squiggly_striped",
			"uvlock": true,
			"x": 90,
			"y": 270
		},
		"facing=west,type=horizontally_squiggly_striped,half=top,open=false": {
			"model": "domum_ornamentum:block/trapdoors/trapdoor_horizontally_squiggly_striped",
			"uvlock": true,
			"x": 180,
			"y": 270
		},
		"facing=west,type=horizontally_squiggly_striped,half=top,open=true": {
			"model": "domum_ornamentum:block/trapdoors/trapdoor_horizontally_squiggly_striped",
			"uvlock": true,
			"x": -90,
			"y": 450
		},
		"facing=west,type=horizontally_striped,half=bottom,open=false": {
			"model": "domum_ornamentum:block/trapdoors/trapdoor_horizontally_striped",
			"uvlock": true,
			"y": 270
		},
		"facing=west,type=horizontally_striped,half=bottom,open=true": {
			"model": "domum_ornamentum:block/trapdoors/trapdoor_horizontally_striped",
			"uvlock": true,
			"x": 90,
			"y": 270
		},
		"facing=west,type=horizontally_striped,half=top,open=false": {
			"model": "domum_ornamentum:block/trapdoors/trapdoor_horizontally_striped",
			"uvlock": true,
			"x": 180,
			"y": 270
		},
		"facing=west,type=horizontally_striped,half=top,open=true": {
			"model": "domum_ornamentum:block/trapdoors/trapdoor_horizontally_striped",
			"uvlock": true,
			"x": -90,
			"y": 450
		},
		"facing=west,type=port_manteau,half=bottom,open=false": {
			"model": "domum_ornamentum:block/trapdoors/trapdoor_port_manteau",
			"uvlock": true,
			"y": 270
		},
		"facing=west,type=port_manteau,half=bottom,open=true": {
			"model": "domum_ornamentum:block/trapdoors/trapdoor_port_manteau",
			"uvlock": true,
			"x": 90,
			"y": 270
		},
		"facing=west,type=port_manteau,half=top,open=false": {
			"model": "domum_ornamentum:block/trapdoors/trapdoor_port_manteau",
			"uvlock": true,
			"x": 180,
			"y": 270
		},
		"facing=west,type=port_manteau,half=top,open=true": {
			"model": "domum_ornamentum:block/trapdoors/trapdoor_port_manteau",
			"uvlock": true,
			"x": -90,
			"y": 450
		},
		"facing=west,type=vertically_squiggly_striped,half=bottom,open=false": {
			"model": "domum_ornamentum:block/trapdoors/trapdoor_vertically_squiggly_striped",
			"uvlock": true,
			"y": 270
		},
		"facing=west,type=vertically_squiggly_striped,half=bottom,open=true": {
			"model": "domum_ornamentum:block/trapdoors/trapdoor_vertically_squiggly_striped",
			"uvlock": true,
			"x": 90,
			"y": 270
		},
		"facing=west,type=vertically_squiggly_striped,half=top,open=false": {
			"model": "domum_ornamentum:block/trapdoors/trapdoor_vertically_squiggly_striped",
			"uvlock": true,
			"x": 180,
			"y": 270
		},
		"facing=west,type=vertically_squiggly_striped,half=top,open=true": {
			"model": "domum_ornamentum:block/trapdoors/trapdoor_vertically_squiggly_striped",
			"uvlock": true,
			"x": -90,
			"y": 450
		},
		"facing=west,type=vertically_striped,half=bottom,open=false": {
			"model": "domum_ornamentum:block/trapdoors/trapdoor_vertically_striped",
			"uvlock": true,
			"y": 270
		},
		"facing=west,type=vertically_striped,half=bottom,open=true": {
			"model": "domum_ornamentum:block/trapdoors/trapdoor_vertically_striped",
			"uvlock": true,
			"x": 90,
			"y": 270
		},
		"facing=west,type=vertically_striped,half=top,open=false": {
			"model": "domum_ornamentum:block/trapdoors/trapdoor_vertically_striped",
			"uvlock": true,
			"x": 180,
			"y": 270
		},
		"facing=west,type=vertically_striped,half=top,open=true": {
			"model": "domum_ornamentum:block/trapdoors/trapdoor_vertically_striped",
			"uvlock": true,
			"x": -90,
			"y": 450
		},
		"facing=west,type=waffle,half=bottom,open=false": {
			"model": "domum_ornamentum:block/trapdoors/trapdoor_waffle",
			"uvlock": true,
			"y": 270
		},
		"facing=west,type=waffle,half=bottom,open=true": {
			"model": "domum_ornamentum:block/trapdoors/trapdoor_waffle",
			"uvlock": true,
			"x": 90,
			"y": 270
		},
		"facing=west,type=waffle,half=top,open=false": {
			"model": "domum_ornamentum:block/trapdoors/trapdoor_waffle",
			"uvlock": true,
			"x": 180,
			"y": 270
		},
		"facing=west,type=waffle,half=top,open=true": {
			"model": "domum_ornamentum:block/trapdoors/trapdoor_waffle",
			"uvlock": true,
			"x": -90,
			"y": 450
		}
	},
	"READ ME!!!": "DO NOT EDIT THIS FILE. DON'T TOUCH IT, TOUCH IT AND YOU WILL REGRET IT ~~ AshersLab (Use the Data Generators!"
}