{
	"credit": "Made with Blockbench",
	"parent": "block/block",
	"textures": {
		"frame": "block/oak_planks",
		"particle": "block/dark_oak_planks",
		"centre": "block/dark_oak_planks"
	},
	"elements": [
		{
			"from": [1, 0, 1],
			"to": [15, 16, 15],
			"faces": {
				"north": {"uv": [1, 0, 15, 16], "texture": "#centre"},
				"east": {"uv": [1, 0, 15, 16], "texture": "#centre"},
				"south": {"uv": [1, 0, 15, 16], "texture": "#centre"},
				"west": {"uv": [1, 0, 15, 16], "texture": "#centre"},
				"up": {"uv": [1, 1, 15, 15], "texture": "#centre", "cullface": "up"},
				"down": {"uv": [1, 1, 15, 15], "texture": "#centre", "cullface": "down"}
			}
		},
		{
			"from": [15, 0, 14],
			"to": [16, 16, 16],
			"faces": {
				"north": {"uv": [2, 0, 3, 16], "texture": "#frame"},
				"east": {"uv": [0, 0, 2, 16], "texture": "#frame", "cullface": "east"},
				"south": {"uv": [15, 0, 16, 16], "texture": "#frame", "cullface": "south"},
				"up": {"uv": [0, 0, 1, 2], "texture": "#frame", "cullface": "up"},
				"down": {"uv": [15, 0, 16, 2], "texture": "#frame", "cullface": "down"}
			}
		},
		{
			"from": [0, 0, 0],
			"to": [1, 16, 2],
			"faces": {
				"north": {"uv": [15, 0, 16, 16], "texture": "#frame", "cullface": "north"},
				"south": {"uv": [2, 0, 3, 16], "texture": "#frame"},
				"west": {"uv": [0, 0, 2, 16], "texture": "#frame", "cullface": "west"},
				"up": {"uv": [15, 14, 16, 16], "rotation": 180, "texture": "#frame", "cullface": "up"},
				"down": {"uv": [0, 14, 1, 16], "rotation": 180, "texture": "#frame", "cullface": "down"}
			}
		},
		{
			"from": [0, 0, 14],
			"to": [1, 16, 16],
			"faces": {
				"north": {"uv": [13, 0, 14, 16], "texture": "#frame"},
				"south": {"uv": [0, 0, 1, 16], "texture": "#frame", "cullface": "south"},
				"west": {"uv": [14, 0, 16, 16], "texture": "#frame", "cullface": "west"},
				"up": {"uv": [15, 0, 16, 2], "texture": "#frame", "cullface": "up"},
				"down": {"uv": [0, 0, 1, 2], "texture": "#frame", "cullface": "down"}
			}
		},
		{
			"from": [15, 0, 0],
			"to": [16, 16, 2],
			"faces": {
				"north": {"uv": [0, 0, 1, 16], "texture": "#frame", "cullface": "north"},
				"east": {"uv": [14, 0, 16, 16], "texture": "#frame", "cullface": "east"},
				"south": {"uv": [13, 0, 14, 16], "texture": "#frame"},
				"up": {"uv": [0, 14, 1, 16], "rotation": 180, "texture": "#frame", "cullface": "up"},
				"down": {"uv": [15, 14, 16, 16], "rotation": 180, "texture": "#frame", "cullface": "down"}
			}
		},
		{
			"from": [1, 0, 15],
			"to": [2, 16, 16],
			"faces": {
				"east": {"uv": [2, 0, 3, 16], "texture": "#frame"},
				"south": {"uv": [1, 0, 2, 16], "texture": "#frame", "cullface": "south"},
				"up": {"uv": [14, 0, 15, 1], "texture": "#frame", "cullface": "up"},
				"down": {"uv": [1, 0, 2, 1], "texture": "#frame", "cullface": "down"}
			}
		},
		{
			"from": [14, 0, 0],
			"to": [15, 16, 1],
			"faces": {
				"north": {"uv": [1, 0, 2, 16], "texture": "#frame", "cullface": "north"},
				"west": {"uv": [2, 0, 3, 16], "texture": "#frame"},
				"up": {"uv": [1, 15, 2, 16], "rotation": 180, "texture": "#frame", "cullface": "up"},
				"down": {"uv": [14, 15, 15, 16], "rotation": 180, "texture": "#frame", "cullface": "down"}
			}
		},
		{
			"from": [14, 0, 15],
			"to": [15, 16, 16],
			"faces": {
				"south": {"uv": [14, 0, 15, 16], "texture": "#frame", "cullface": "south"},
				"west": {"uv": [13, 0, 14, 16], "texture": "#frame"},
				"up": {"uv": [1, 0, 2, 1], "texture": "#frame", "cullface": "up"},
				"down": {"uv": [14, 0, 15, 1], "texture": "#frame", "cullface": "down"}
			}
		},
		{
			"from": [1, 0, 0],
			"to": [2, 16, 1],
			"faces": {
				"north": {"uv": [14, 0, 15, 16], "texture": "#frame", "cullface": "north"},
				"east": {"uv": [13, 0, 14, 16], "texture": "#frame"},
				"up": {"uv": [14, 15, 15, 16], "rotation": 180, "texture": "#frame", "cullface": "up"},
				"down": {"uv": [1, 15, 2, 16], "rotation": 180, "texture": "#frame", "cullface": "down"}
			}
		}
	],
	"groups": [0,
		{
			"name": "Timbers",
			"origin": [8, 8, 8],
			"color": 0,
			"children": []
		},
		{
			"name": "Framework",
			"origin": [8, 8, 8],
			"color": 0,
			"children": [
				{
					"name": "Frame",
					"origin": [8, 8, 7.42308],
					"color": 0,
					"children": [1, 2, 3, 4, 5, 6, 7, 8]
				}
			]
		}
	]
}