{
	"credit": "Made with Blockbench",
	"parent": "minecraft:block/block",
	"textures": {
		"1": "minecolonies:blocks/iron_gate_top",
		"2": "minecolonies:blocks/iron_gate_back",
		"particle": "minecolonies:blocks/iron_gate",
		"gate": "minecolonies:blocks/iron_gate"
	},
	"elements": [
		{
			"name": "horizontal_bar",
			"from": [0, 3, 7],
			"to": [16, 5, 9],
			"faces": {
				"north": {"uv": [0, 11, 16, 13], "texture": "#gate"},
				"east": {"uv": [14, 11, 16, 13], "texture": "#gate"},
				"south": {"uv": [0, 11, 16, 13], "texture": "#2"},
				"west": {"uv": [0, 11, 2, 13], "texture": "#gate"},
				"up": {"uv": [16, 9, 0, 11], "texture": "#1"},
				"down": {"uv": [0, 13, 16, 15], "texture": "#1"}
			}
		},
		{
			"name": "horizontal_bar",
			"from": [0, 11, 7],
			"to": [16, 13, 9],
			"faces": {
				"north": {"uv": [0, 3, 16, 5], "texture": "#gate"},
				"east": {"uv": [14, 3, 16, 5], "texture": "#gate"},
				"south": {"uv": [0, 3, 16, 5], "texture": "#2"},
				"west": {"uv": [0, 3, 2, 5], "texture": "#gate"},
				"up": {"uv": [0, 1, 16, 3], "texture": "#1"},
				"down": {"uv": [0, 5, 16, 7], "texture": "#1"}
			}
		},
		{
			"name": "vertical_bar",
			"from": [3, 0, 7],
			"to": [5, 16, 9],
			"faces": {
				"north": {"uv": [11, 0, 13, 16], "texture": "#gate"},
				"east": {"uv": [0, 1, 16, 3], "rotation": 90, "texture": "#1"},
				"south": {"uv": [3, 0, 5, 16], "texture": "#2"},
				"west": {"uv": [0, 13, 16, 15], "rotation": 90, "texture": "#1"},
				"up": {"uv": [3, 0, 5, 2], "texture": "#2"},
				"down": {"uv": [3, 14, 5, 16], "texture": "#2"}
			}
		},
		{
			"name": "vertical_bar",
			"from": [11, 0, 7],
			"to": [13, 16, 9],
			"faces": {
				"north": {"uv": [3, 0, 5, 16], "texture": "#gate"},
				"east": {"uv": [0, 9, 16, 11], "rotation": 90, "texture": "#1"},
				"south": {"uv": [11, 0, 13, 16], "texture": "#2"},
				"west": {"uv": [0, 5, 16, 7], "rotation": 90, "texture": "#1"},
				"up": {"uv": [11, 0, 13, 2], "texture": "#2"},
				"down": {"uv": [11, 14, 13, 16], "texture": "#2"}
			}
		}
	],
	"display": {
		"thirdperson_righthand": {
			"rotation": [75, 45, 0],
			"translation": [0, 2.5, 0],
			"scale": [0.375, 0.375, 0.375]
		},
		"thirdperson_lefthand": {
			"rotation": [75, 45, 0],
			"translation": [0, 2.5, 0],
			"scale": [0.375, 0.375, 0.375]
		},
		"firstperson_righthand": {
			"rotation": [0, 45, 0],
			"scale": [0.4, 0.4, 0.4]
		},
		"firstperson_lefthand": {
			"rotation": [0, 225, 0],
			"scale": [0.4, 0.4, 0.4]
		},
		"ground": {
			"translation": [0, 3, 0],
			"scale": [0.25, 0.25, 0.25]
		},
		"gui": {
			"rotation": [30, 225, 0],
			"scale": [0.625, 0.625, 0.625]
		},
		"head": {
			"rotation": [0, 180, 0],
			"translation": [0, 0, -6.5]
		},
		"fixed": {
			"scale": [0.5, 0.5, 0.5]
		}
	}
}