{
	"credit": "Made with Blockbench",
	"parent": "minecraft:block/block",
	"textures": {
		"1": "minecolonies:blocks/iron_gate_top",
		"2": "minecolonies:blocks/iron_gate_spikes_back",
		"particle": "minecolonies:blocks/iron_gate_spikes",
		"gate": "minecolonies:blocks/iron_gate_spikes"
	},
	"elements": [
		{
			"name": "horizontal_bar",
			"from": [0, 5, 7],
			"to": [16, 7, 9],
			"faces": {
				"north": {"uv": [0, 9, 16, 11], "texture": "#gate"},
				"east": {"uv": [14, 9, 16, 11], "texture": "#gate"},
				"south": {"uv": [0, 9, 16, 11], "texture": "#2"},
				"west": {"uv": [0, 9, 2, 11], "texture": "#gate"},
				"up": {"uv": [16, 9, 0, 11], "texture": "#1"},
				"down": {"uv": [0, 13, 16, 15], "texture": "#1"}
			}
		},
		{
			"name": "horizontal_bar",
			"from": [0, 11, 7],
			"to": [16, 13, 9],
			"faces": {
				"north": {"uv": [0, 3, 16, 5], "texture": "#gate"},
				"east": {"uv": [14, 3, 16, 5], "texture": "#gate"},
				"south": {"uv": [0, 3, 16, 5], "texture": "#2"},
				"west": {"uv": [0, 3, 2, 5], "texture": "#gate"},
				"up": {"uv": [0, 1, 16, 3], "texture": "#1"},
				"down": {"uv": [0, 5, 16, 7], "texture": "#1"}
			}
		},
		{
			"name": "vertical_bar",
			"from": [3, 1, 7],
			"to": [5, 16, 9],
			"faces": {
				"north": {"uv": [11, 0, 13, 15], "texture": "#gate"},
				"east": {"uv": [0, 1, 15, 3], "rotation": 90, "texture": "#1"},
				"south": {"uv": [3, 0, 5, 15], "texture": "#2"},
				"west": {"uv": [0, 13, 15, 15], "rotation": 90, "texture": "#1"},
				"up": {"uv": [3, 0, 5, 2], "texture": "#2"},
				"down": {"uv": [3, 13, 5, 15], "texture": "#2"}
			}
		},
		{
			"name": "vertical_bar",
			"from": [11, 1, 7],
			"to": [13, 16, 9],
			"faces": {
				"north": {"uv": [3, 0, 5, 15], "texture": "#gate"},
				"east": {"uv": [0, 9, 15, 11], "rotation": 90, "texture": "#1"},
				"south": {"uv": [11, 0, 13, 15], "texture": "#2"},
				"west": {"uv": [0, 5, 15, 7], "rotation": 90, "texture": "#1"},
				"up": {"uv": [11, 0, 13, 2], "texture": "#2"},
				"down": {"uv": [11, 13, 13, 15], "texture": "#2"}
			}
		},
		{
			"name": "spike_point",
			"from": [11, 0, 7],
			"to": [12, 1, 9],
			"faces": {
				"north": {"uv": [4, 15, 5, 16], "texture": "#gate"},
				"east": {"uv": [0, 1, 1, 3], "rotation": 90, "texture": "#1"},
				"south": {"uv": [11, 15, 12, 16], "texture": "#2"},
				"west": {"uv": [0, 5, 1, 7], "rotation": 90, "texture": "#1"},
				"down": {"uv": [0, 5, 1, 7], "texture": "#1"}
			}
		},
		{
			"name": "spike_point",
			"from": [4, 0, 7],
			"to": [5, 1, 9],
			"faces": {
				"north": {"uv": [11, 15, 12, 16], "texture": "#gate"},
				"east": {"uv": [15, 9, 16, 11], "rotation": 90, "texture": "#1"},
				"south": {"uv": [4, 15, 5, 16], "texture": "#2"},
				"west": {"uv": [15, 13, 16, 15], "rotation": 90, "texture": "#1"},
				"down": {"uv": [15, 13, 16, 15], "texture": "#1"}
			}
		},
		{
			"name": "spike_left",
			"from": [13, 2, 7],
			"to": [14, 4, 9],
			"faces": {
				"north": {"uv": [2, 12, 3, 14], "texture": "#gate"},
				"east": {"uv": [1, 1, 3, 3], "texture": "#1"},
				"south": {"uv": [13, 12, 14, 14], "texture": "#2"},
				"up": {"uv": [1, 1, 2, 3], "texture": "#1"},
				"down": {"uv": [3, 1, 4, 3], "texture": "#1"}
			}
		},
		{
			"name": "spike_left",
			"from": [5, 1, 7],
			"to": [6, 4, 9],
			"faces": {
				"north": {"uv": [10, 12, 11, 15], "texture": "#gate"},
				"east": {"uv": [10, 9, 13, 11], "rotation": 90, "texture": "#1"},
				"south": {"uv": [5, 12, 6, 15], "texture": "#2"},
				"up": {"uv": [13, 9, 14, 11], "texture": "#1"},
				"down": {"uv": [15, 9, 16, 11], "texture": "#1"}
			}
		},
		{
			"name": "spike_right",
			"from": [10, 1, 7],
			"to": [11, 3, 9],
			"faces": {
				"north": {"uv": [5, 13, 6, 15], "texture": "#gate"},
				"south": {"uv": [11, 13, 10, 15], "texture": "#2"},
				"west": {"uv": [3, 5, 5, 7], "texture": "#1"},
				"up": {"uv": [1, 5, 2, 7], "texture": "#1"},
				"down": {"uv": [2, 5, 3, 7], "texture": "#1"}
			}
		},
		{
			"name": "spike_right",
			"from": [2, 2, 7],
			"to": [3, 3, 9],
			"faces": {
				"north": {"uv": [13, 13, 14, 14], "texture": "#gate"},
				"south": {"uv": [3, 13, 2, 14], "rotation": 180, "texture": "#2"},
				"west": {"uv": [5, 5, 7, 6], "texture": "#1"},
				"up": {"uv": [6, 5, 7, 7], "texture": "#1"},
				"down": {"uv": [6, 5, 7, 7], "texture": "#1"}
			}
		}
	],
	"display": {
		"thirdperson_righthand": {
			"translation": [0, 3, 1],
			"scale": [0.55, 0.55, 0.55]
		},
		"thirdperson_lefthand": {
			"translation": [0, 3, 1],
			"scale": [0.55, 0.55, 0.55]
		},
		"firstperson_righthand": {
			"rotation": [0, -90, 25],
			"translation": [1.13, 3.2, 1.13],
			"scale": [0.68, 0.68, 0.68]
		},
		"firstperson_lefthand": {
			"rotation": [0, -90, 25],
			"translation": [1.13, 3.2, 1.13],
			"scale": [0.68, 0.68, 0.68]
		},
		"ground": {
			"translation": [0, 2, 0],
			"scale": [0.5, 0.5, 0.5]
		},
		"head": {
			"rotation": [0, 180, 0],
			"translation": [0, 0, -6.5]
		},
		"fixed": {
			"rotation": [0, 180, 0]
		}
	}
}