{
	"credit": "Made with Blockbench",
	"parent": "block/block",
	"textures": {
		"bottom": "minecolonies:blocks/crusher_hut_bottom",
		"front": "minecolonies:blocks/crusher_hut_front",
		"grindstone_round": "block/grindstone_round",
		"grindstone_side": "block/grindstone_side",
		"inside": "minecolonies:blocks/crusher_hut_inside",
		"particle": "minecolonies:blocks/crusher_hut_side",
		"side": "minecolonies:blocks/crusher_hut_side",
		"top": "minecolonies:blocks/crusher_hut_top"
	},
	"elements": [
		{
			"name": "leg",
			"from": [0, 0, 0],
			"to": [4, 2, 4],
			"faces": {
				"north": {"uv": [12, 14, 16, 16], "texture": "#front", "cullface": "north"},
				"east": {"uv": [12, 14, 16, 16], "texture": "#side"},
				"south": {"uv": [0, 14, 4, 16], "texture": "#side"},
				"west": {"uv": [0, 14, 4, 16], "texture": "#side", "cullface": "west"},
				"down": {"uv": [12, 0, 16, 4], "texture": "#bottom", "cullface": "down"}
			}
		},
		{
			"name": "leg",
			"from": [12, 0, 0],
			"to": [16, 2, 4],
			"faces": {
				"north": {"uv": [0, 14, 4, 16], "texture": "#front", "cullface": "north"},
				"east": {"uv": [12, 14, 16, 16], "texture": "#side", "cullface": "east"},
				"south": {"uv": [12, 14, 16, 16], "texture": "#side"},
				"west": {"uv": [0, 14, 4, 16], "texture": "#side"},
				"down": {"uv": [0, 0, 4, 4], "texture": "#bottom", "cullface": "down"}
			}
		},
		{
			"name": "leg",
			"from": [12, 0, 12],
			"to": [16, 2, 16],
			"faces": {
				"north": {"uv": [0, 14, 4, 16], "texture": "#side"},
				"east": {"uv": [0, 14, 4, 16], "texture": "#side", "cullface": "east"},
				"south": {"uv": [12, 14, 16, 16], "texture": "#front", "cullface": "south"},
				"west": {"uv": [12, 14, 16, 16], "texture": "#side"},
				"down": {"uv": [0, 12, 4, 16], "texture": "#bottom", "cullface": "down"}
			}
		},
		{
			"name": "leg",
			"from": [0, 0, 12],
			"to": [4, 2, 16],
			"faces": {
				"north": {"uv": [12, 14, 16, 16], "texture": "#side"},
				"east": {"uv": [0, 14, 4, 16], "texture": "#side"},
				"south": {"uv": [0, 14, 4, 16], "texture": "#front", "cullface": "south"},
				"west": {"uv": [12, 14, 16, 16], "texture": "#side", "cullface": "west"},
				"down": {"uv": [12, 12, 16, 16], "texture": "#bottom", "cullface": "down"}
			}
		},
		{
			"name": "bottom",
			"from": [0, 2, 0],
			"to": [16, 4, 16],
			"faces": {
				"up": {"uv": [0, 0, 16, 16], "texture": "#inside"},
				"down": {"uv": [0, 0, 16, 16], "texture": "#bottom"}
			}
		},
		{
			"name": "north",
			"from": [2, 2, 0],
			"to": [14, 16, 2],
			"faces": {
				"north": {"uv": [2, 0, 14, 14], "texture": "#front", "cullface": "north"},
				"south": {"uv": [2, 0, 14, 14], "texture": "#front"},
				"up": {"uv": [2, 0, 14, 2], "texture": "#top", "cullface": "up"}
			}
		},
		{
			"name": "south",
			"from": [2, 2, 14],
			"to": [14, 16, 16],
			"faces": {
				"north": {"uv": [2, 0, 14, 14], "texture": "#front"},
				"south": {"uv": [2, 0, 14, 14], "texture": "#front", "cullface": "south"},
				"up": {"uv": [2, 14, 14, 16], "texture": "#top", "cullface": "up"}
			}
		},
		{
			"name": "east",
			"from": [14, 2, 0],
			"to": [16, 16, 16],
			"faces": {
				"north": {"uv": [0, 0, 2, 14], "texture": "#front", "cullface": "north"},
				"east": {"uv": [0, 0, 16, 14], "texture": "#side", "cullface": "east"},
				"south": {"uv": [14, 0, 16, 14], "texture": "#front", "cullface": "south"},
				"west": {"uv": [0, 0, 16, 14], "texture": "#front"},
				"up": {"uv": [14, 0, 16, 16], "texture": "#top", "cullface": "up"}
			}
		},
		{
			"name": "west",
			"from": [0, 2, 0],
			"to": [2, 16, 16],
			"faces": {
				"north": {"uv": [14, 0, 16, 14], "texture": "#front", "cullface": "north"},
				"east": {"uv": [0, 0, 16, 14], "texture": "#front"},
				"south": {"uv": [0, 0, 2, 14], "texture": "#front", "cullface": "south"},
				"west": {"uv": [0, 0, 16, 14], "texture": "#side", "cullface": "west"},
				"up": {"uv": [0, 0, 2, 16], "texture": "#top", "cullface": "up"}
			}
		},
		{
			"name": "pivot",
			"from": [12, 6, 5],
			"to": [14, 12, 11],
			"faces": {
				"north": {"uv": [1, 5, 3, 11], "texture": "#bottom"},
				"south": {"uv": [13, 5, 15, 11], "texture": "#bottom"},
				"up": {"uv": [1, 5, 3, 11], "texture": "#bottom"},
				"down": {"uv": [1, 5, 3, 11], "texture": "#bottom"}
			}
		},
		{
			"name": "pivot",
			"from": [2, 6, 5],
			"to": [4, 12, 11],
			"faces": {
				"north": {"uv": [13, 5, 15, 11], "texture": "#bottom"},
				"south": {"uv": [1, 5, 3, 11], "texture": "#bottom"},
				"up": {"uv": [13, 5, 15, 11], "texture": "#bottom"},
				"down": {"uv": [13, 5, 15, 11], "texture": "#bottom"}
			}
		},
		{
			"name": "grindstone",
			"from": [4, 4, 3],
			"to": [12, 14, 13],
			"faces": {
				"north": {"uv": [0, 1, 8, 11], "texture": "#grindstone_round"},
				"east": {"uv": [1, 1, 11, 11], "texture": "#grindstone_side"},
				"south": {"uv": [0, 1, 8, 11], "texture": "#grindstone_round"},
				"west": {"uv": [1, 1, 11, 11], "texture": "#grindstone_side"},
				"up": {"uv": [0, 1, 8, 11], "texture": "#grindstone_round"}
			}
		},
		{
			"name": "spikes",
			"from": [5, 13, 11],
			"to": [11, 14, 13],
			"rotation": {"angle": 22.5, "axis": "x", "origin": [8, 14, 13]},
			"faces": {
				"north": {"uv": [1, 9, 7, 10], "rotation": 180, "texture": "#grindstone_round"},
				"east": {"uv": [6, 9, 7, 11], "rotation": 90, "texture": "#grindstone_round"},
				"west": {"uv": [1, 9, 2, 11], "rotation": 270, "texture": "#grindstone_round"},
				"up": {"uv": [1, 9, 7, 11], "texture": "#grindstone_round"}
			}
		},
		{
			"name": "spikes",
			"from": [5, 13, 9],
			"to": [11, 14, 11],
			"rotation": {"angle": 22.5, "axis": "x", "origin": [8, 14, 11]},
			"faces": {
				"north": {"uv": [1, 7, 7, 8], "rotation": 180, "texture": "#grindstone_round"},
				"east": {"uv": [6, 7, 7, 9], "rotation": 90, "texture": "#grindstone_round"},
				"west": {"uv": [1, 7, 2, 9], "rotation": 270, "texture": "#grindstone_round"},
				"up": {"uv": [1, 7, 7, 9], "texture": "#grindstone_round"}
			}
		},
		{
			"name": "spikes",
			"from": [5, 13, 7],
			"to": [11, 14, 9],
			"rotation": {"angle": 22.5, "axis": "x", "origin": [8, 14, 9]},
			"faces": {
				"north": {"uv": [1, 5, 7, 6], "rotation": 180, "texture": "#grindstone_round"},
				"east": {"uv": [6, 5, 7, 7], "rotation": 270, "texture": "#grindstone_round"},
				"west": {"uv": [1, 5, 2, 7], "rotation": 270, "texture": "#grindstone_round"},
				"up": {"uv": [1, 5, 7, 7], "texture": "#grindstone_round"}
			}
		},
		{
			"name": "spikes",
			"from": [5, 13, 5],
			"to": [11, 14, 7],
			"rotation": {"angle": 22.5, "axis": "x", "origin": [8, 14, 7]},
			"faces": {
				"north": {"uv": [1, 3, 7, 4], "rotation": 180, "texture": "#grindstone_round"},
				"east": {"uv": [6, 3, 7, 5], "rotation": 90, "texture": "#grindstone_round"},
				"west": {"uv": [1, 3, 2, 5], "rotation": 270, "texture": "#grindstone_round"},
				"up": {"uv": [1, 3, 7, 5], "texture": "#grindstone_round"}
			}
		},
		{
			"name": "spikes",
			"from": [5, 13, 3],
			"to": [11, 14, 5],
			"rotation": {"angle": 22.5, "axis": "x", "origin": [8, 14, 5]},
			"faces": {
				"north": {"uv": [1, 1, 7, 2], "rotation": 180, "texture": "#grindstone_round"},
				"east": {"uv": [6, 1, 7, 3], "rotation": 90, "texture": "#grindstone_round"},
				"west": {"uv": [1, 1, 2, 3], "rotation": 270, "texture": "#grindstone_round"},
				"up": {"uv": [1, 1, 7, 3], "texture": "#grindstone_round"}
			}
		}
	],
	"display": {}
}