{
	"credit": "Made with Blockbench",
	"parent": "minecraft:block/block",
	"ambientocclusion": false,
	"textures": {
		"back": "minecolonies:blocks/gravestone_decayed_back",
		"particle": "minecolonies:blocks/gravestone_decayed_front",
		"front": "minecolonies:blocks/gravestone_decayed_front",
		"side": "minecolonies:blocks/gravestone_decayed_side",
		"top": "minecolonies:blocks/gravestone_decayed_top"
	},
	"elements": [
		{
			"name": "main",
			"from": [1, 0, 1],
			"to": [6, 16, 15],
			"rotation": {"angle": 0, "axis": "y", "origin": [4, -6, 6]},
			"faces": {
				"north": {"uv": [8, 0, 13, 16], "texture": "#side"},
				"east": {"uv": [1, 0, 15, 16], "texture": "#front"},
				"south": {"uv": [3, 0, 8, 16], "texture": "#side"},
				"west": {"uv": [1, 0, 15, 16], "texture": "#back"},
				"up": {"uv": [1, 3, 15, 8], "rotation": 90, "texture": "#top", "cullface": "up"},
				"down": {"uv": [1, 8, 15, 13], "rotation": 270, "texture": "#top", "cullface": "down"}
			}
		}
	],
	"display": {
		"thirdperson_righthand": {
			"rotation": [75, 45, 0],
			"translation": [0, 2.5, 0],
			"scale": [0.375, 0.375, 0.375]
		},
		"thirdperson_lefthand": {
			"rotation": [75, 45, 0],
			"translation": [0, 2.5, 0],
			"scale": [0.375, 0.375, 0.375]
		},
		"firstperson_righthand": {
			"rotation": [0, -145, 0],
			"translation": [0, 0.75, 0],
			"scale": [0.4, 0.4, 0.4]
		},
		"firstperson_lefthand": {
			"rotation": [0, 45, 0],
			"translation": [0, 0.75, 0],
			"scale": [0.4, 0.4, 0.4]
		},
		"ground": {
			"translation": [1.5, 3, 0],
			"scale": [0.25, 0.25, 0.25]
		},
		"gui": {
			"rotation": [30, 225, 0],
			"translation": [-2, -1, 0],
			"scale": [0.7, 0.7, 0.7]
		},
		"head": {
			"rotation": [0, 90, 0],
			"translation": [0, 0, -9]
		},
		"fixed": {
			"rotation": [0, 90, 0],
			"translation": [0, 0, -2.5],
			"scale": [0.5, 0.5, 0.5]
		}
	}
}