{
	"credit": "Made with Blockbench",
	"textures": {
		"tape": "block/white_wool",
		"particle": "minecolonies:blocks/construction_tape_wood"
	},
	"elements": [
		{
			"name": "center",
			"from": [7, 13, 7],
			"to": [9, 14, 9],
			"faces": {
				"north": {"uv": [3, 2, 5, 3], "texture": "#tape"},
				"east": {"uv": [3, 2, 5, 3], "texture": "#tape"},
				"south": {"uv": [3, 2, 5, 3], "texture": "#tape"},
				"west": {"uv": [3, 2, 5, 3], "texture": "#tape"},
				"up": {"uv": [7, 6, 9, 8], "texture": "#tape"},
				"down": {"uv": [7, 6, 9, 8], "texture": "#tape"}
			}
		}
	]
}