{
	"credit": "Made with Blockbench",
	"parent": "minecraft:block/block",
	"ambientocclusion": false,
	"textures": {
		"back": "minecolonies:blocks/guard_tower_hut_back",
		"bottom": "minecolonies:blocks/hut_base_top",
		"front": "minecolonies:blocks/guard_tower_hut_front",
		"side": "minecolonies:blocks/guard_tower_hut_side",
		"sword": "item/iron_sword",
		"particle": "minecolonies:blocks/guard_tower_hut_top",
		"top": "minecolonies:blocks/guard_tower_hut_top"
	},
	"elements": [
		{
			"name": "base",
			"from": [0, 0, 0],
			"to": [16, 6, 16],
			"rotation": {"angle": 0, "axis": "y", "origin": [8, 8, 8]},
			"faces": {
				"north": {"uv": [0, 10, 16, 16], "texture": "#front", "cullface": "north"},
				"east": {"uv": [0, 10, 16, 16], "texture": "#side", "cullface": "east"},
				"south": {"uv": [0, 10, 16, 16], "texture": "#back", "cullface": "south"},
				"west": {"uv": [16, 10, 0, 16], "texture": "#side", "cullface": "west"},
				"up": {"uv": [0, 0, 16, 16], "rotation": 180, "texture": "#top"},
				"down": {"uv": [0, 0, 16, 16], "texture": "#bottom", "cullface": "down"}
			}
		},
		{
			"name": "support",
			"from": [12, 6, 12],
			"to": [16, 16, 16],
			"faces": {
				"north": {"uv": [0, 0, 4, 10], "texture": "#front"},
				"east": {"uv": [0, 0, 4, 10], "texture": "#side", "cullface": "east"},
				"south": {"uv": [12, 0, 16, 10], "texture": "#back", "cullface": "south"},
				"west": {"uv": [0, 0, 4, 10], "texture": "#side"},
				"up": {"uv": [0, 0, 4, 4], "texture": "#top", "cullface": "up"}
			}
		},
		{
			"name": "support",
			"from": [0, 6, 12],
			"to": [4, 16, 16],
			"faces": {
				"north": {"uv": [12, 0, 16, 10], "texture": "#front"},
				"east": {"uv": [0, 0, 4, 10], "texture": "#side"},
				"south": {"uv": [0, 0, 4, 10], "texture": "#back", "cullface": "south"},
				"west": {"uv": [0, 0, 4, 10], "texture": "#side", "cullface": "west"},
				"up": {"uv": [12, 0, 16, 4], "texture": "#top", "cullface": "up"}
			}
		},
		{
			"name": "support_beam",
			"from": [4, 11, 13],
			"to": [12, 13, 15],
			"rotation": {"angle": 0, "axis": "y", "origin": [0, 1, 0]},
			"faces": {
				"north": {"uv": [4, 3, 12, 5], "texture": "#front"},
				"south": {"uv": [12, 5, 4, 3], "texture": "#back"},
				"up": {"uv": [12, 3, 4, 5], "texture": "#front"},
				"down": {"uv": [12, 3, 4, 5], "texture": "#front"}
			}
		},
		{
			"name": "sword",
			"from": [0, 4, 14],
			"to": [16, 20, 14],
			"shade": false,
			"rotation": {"angle": 45, "axis": "z", "origin": [8, 12, 14]},
			"faces": {
				"north": {"uv": [0, 0, 16, 16], "rotation": 90, "texture": "#sword"},
				"south": {"uv": [16, 0, 0, 16], "rotation": 270, "texture": "#sword"}
			}
		}
	],
	"display": {
		"thirdperson_righthand": {
			"rotation": [75, 45, 0],
			"translation": [0, 2.5, 0],
			"scale": [0.375, 0.375, 0.375]
		},
		"thirdperson_lefthand": {
			"rotation": [75, 45, 0],
			"translation": [0, 2.5, 0],
			"scale": [0.375, 0.375, 0.375]
		},
		"firstperson_righthand": {
			"rotation": [0, 135, 0],
			"scale": [0.4, 0.4, 0.4]
		},
		"firstperson_lefthand": {
			"rotation": [0, 135, 0],
			"scale": [0.4, 0.4, 0.4]
		},
		"ground": {
			"translation": [0, 3, 0],
			"scale": [0.25, 0.25, 0.25]
		},
		"gui": {
			"rotation": [30, 225, 0],
			"scale": [0.625, 0.625, 0.625]
		},
		"fixed": {
			"rotation": [0, 90, 0],
			"scale": [0.5, 0.5, 0.5]
		}
	}
}