{
	"credit": "Made with Blockbench",
	"parent": "minecraft:block/block",
	"textures": {
		"back": "minecolonies:blocks/university_hut_back",
		"bottom": "minecolonies:blocks/university_hut_bottom",
		"front": "minecolonies:blocks/university_hut_front",
		"side": "minecolonies:blocks/hut_base_side",
		"particle": "minecolonies:blocks/university_hut_top",
		"top": "minecolonies:blocks/university_hut_top"
	},
	"elements": [
		{
			"name": "top",
			"from": [0, 11, 0],
			"to": [16, 16, 16],
			"rotation": {"angle": 0, "axis": "y", "origin": [8, 8, 8]},
			"faces": {
				"north": {"uv": [0, 0, 16, 5], "texture": "#front", "cullface": "north"},
				"east": {"uv": [0, 0, 16, 5], "texture": "#side", "cullface": "east"},
				"south": {"uv": [0, 0, 16, 5], "texture": "#back", "cullface": "south"},
				"west": {"uv": [16, 0, 0, 5], "texture": "#side", "cullface": "west"},
				"up": {"uv": [0, 0, 16, 16], "rotation": 180, "texture": "#top", "cullface": "up"},
				"down": {"uv": [0, 0, 16, 16], "texture": "#bottom"}
			}
		},
		{
			"name": "leg",
			"from": [0, 0, 0],
			"to": [4, 11, 16],
			"rotation": {"angle": 0, "axis": "y", "origin": [8, 8, 8]},
			"faces": {
				"north": {"uv": [12, 5, 16, 16], "texture": "#front", "cullface": "north"},
				"east": {"uv": [0, 5, 16, 16], "texture": "#side"},
				"south": {"uv": [0, 5, 4, 16], "texture": "#back", "cullface": "south"},
				"west": {"uv": [0, 5, 16, 16], "texture": "#side", "cullface": "west"},
				"down": {"uv": [12, 0, 16, 16], "texture": "#bottom", "cullface": "down"}
			}
		},
		{
			"name": "leg",
			"from": [12, 0, 0],
			"to": [16, 11, 16],
			"rotation": {"angle": 0, "axis": "y", "origin": [8, 8, 8]},
			"faces": {
				"north": {"uv": [0, 5, 4, 16], "texture": "#front", "cullface": "north"},
				"east": {"uv": [0, 5, 16, 16], "texture": "#side", "cullface": "east"},
				"south": {"uv": [12, 5, 16, 16], "texture": "#back", "cullface": "south"},
				"west": {"uv": [0, 5, 16, 16], "texture": "#side"},
				"down": {"uv": [0, 0, 4, 16], "texture": "#bottom", "cullface": "down"}
			}
		}
	],
	"display": {
		"thirdperson_righthand": {
			"rotation": [75, 45, 0],
			"translation": [0, 2.5, 0],
			"scale": [0.375, 0.375, 0.375]
		},
		"thirdperson_lefthand": {
			"rotation": [75, 45, 0],
			"translation": [0, 2.5, 0],
			"scale": [0.375, 0.375, 0.375]
		},
		"firstperson_righthand": {
			"rotation": [0, 135, 0],
			"scale": [0.4, 0.4, 0.4]
		},
		"firstperson_lefthand": {
			"rotation": [0, 135, 0],
			"scale": [0.4, 0.4, 0.4]
		},
		"ground": {
			"translation": [0, 3, 0],
			"scale": [0.25, 0.25, 0.25]
		},
		"gui": {
			"rotation": [30, 225, 0],
			"scale": [0.625, 0.625, 0.625]
		},
		"fixed": {
			"scale": [0.5, 0.5, 0.5]
		}
	}
}