{
	"credit": "Made with Blockbench",
	"parent": "block/block",
	"textures": {
		"bottom": "minecolonies:blocks/smeltery_hut_bottom",
		"particle": "minecolonies:blocks/smeltery_hut_front",
		"front": "minecolonies:blocks/smeltery_hut_front",
		"lava": "block/lava_still",
		"side": "minecolonies:blocks/smeltery_hut_side",
		"top": "minecolonies:blocks/smeltery_hut_top"
	},
	"elements": [
		{
			"name": "north",
			"from": [5, 0, 0],
			"to": [11, 16, 5],
			"faces": {
				"north": {"uv": [5, 0, 11, 16], "texture": "#front", "cullface": "north"},
				"south": {"uv": [11, 0, 5, 16], "texture": "#side"},
				"up": {"uv": [5, 11, 11, 16], "rotation": 180, "texture": "#top", "cullface": "up"},
				"down": {"uv": [5, 0, 11, 5], "rotation": 180, "texture": "#bottom", "cullface": "down"}
			}
		},
		{
			"name": "south",
			"from": [5, 0, 11],
			"to": [11, 16, 16],
			"faces": {
				"north": {"uv": [11, 0, 5, 16], "texture": "#front"},
				"south": {"uv": [5, 0, 11, 16], "texture": "#side", "cullface": "south"},
				"up": {"uv": [5, 0, 11, 5], "rotation": 180, "texture": "#top", "cullface": "up"},
				"down": {"uv": [5, 11, 11, 16], "rotation": 180, "texture": "#bottom", "cullface": "down"}
			}
		},
		{
			"name": "east",
			"from": [11, 0, 0],
			"to": [16, 16, 16],
			"faces": {
				"north": {"uv": [0, 0, 5, 16], "texture": "#front", "cullface": "north"},
				"east": {"uv": [0, 0, 16, 16], "texture": "#side", "cullface": "east"},
				"south": {"uv": [11, 0, 16, 16], "texture": "#side", "cullface": "south"},
				"west": {"uv": [16, 0, 0, 16], "texture": "#side"},
				"up": {"uv": [0, 0, 5, 16], "rotation": 180, "texture": "#top", "cullface": "up"},
				"down": {"uv": [0, 0, 5, 16], "rotation": 180, "texture": "#bottom", "cullface": "down"}
			}
		},
		{
			"name": "west",
			"from": [0, 0, 0],
			"to": [5, 16, 16],
			"faces": {
				"north": {"uv": [11, 0, 16, 16], "texture": "#front", "cullface": "north"},
				"east": {"uv": [16, 0, 0, 16], "texture": "#side"},
				"south": {"uv": [0, 0, 5, 16], "texture": "#side", "cullface": "south"},
				"west": {"uv": [0, 0, 16, 16], "texture": "#side", "cullface": "west"},
				"up": {"uv": [11, 0, 16, 16], "rotation": 180, "texture": "#top", "cullface": "up"},
				"down": {"uv": [11, 0, 16, 16], "rotation": 180, "texture": "#bottom", "cullface": "down"}
			}
		},
		{
			"name": "center",
			"from": [5, 0, 5],
			"to": [11, 14, 11],
			"faces": {
				"up": {"uv": [5, 5, 11, 11], "texture": "#lava"},
				"down": {"uv": [5, 5, 11, 11], "texture": "#bottom", "cullface": "down"}
			}
		}
	],
	"display": {
		"thirdperson_righthand": {
			"rotation": [75, 45, 0],
			"translation": [0, 2.5, 0],
			"scale": [0.375, 0.375, 0.375]
		},
		"thirdperson_lefthand": {
			"rotation": [75, 45, 0],
			"translation": [0, 2.5, 0],
			"scale": [0.375, 0.375, 0.375]
		},
		"firstperson_righthand": {
			"rotation": [0, 135, 0],
			"scale": [0.4, 0.4, 0.4]
		},
		"firstperson_lefthand": {
			"rotation": [0, 135, 0],
			"scale": [0.4, 0.4, 0.4]
		},
		"ground": {
			"translation": [0, 3, 0],
			"scale": [0.25, 0.25, 0.25]
		},
		"gui": {
			"rotation": [30, 225, 0],
			"scale": [0.625, 0.625, 0.625]
		},
		"fixed": {
			"scale": [0.5, 0.5, 0.5]
		}
	}
}