{
	"credit": "Made with Blockbench",
	"parent": "minecraft:block/block",
	"ambientocclusion": false,
	"textures": {
		"front": "minecolonies:blocks/citizen_hut_front",
		"bottom": "minecolonies:blocks/citizen_hut_bottom",
		"top": "minecolonies:blocks/citizen_hut_top_red",
		"particle": "minecolonies:blocks/citizen_hut_side_red",
		"side": "minecolonies:blocks/citizen_hut_side_red",
		"back": "minecolonies:blocks/citizen_hut_back_red"
	},
	"elements": [
		{
			"name": "top",
			"from": [0, 11, 0],
			"to": [16, 16, 16],
			"faces": {
				"north": {"uv": [0, 0, 16, 5], "texture": "#front", "cullface": "north"},
				"east": {"uv": [0, 0, 16, 5], "texture": "#side", "cullface": "east"},
				"south": {"uv": [0, 0, 16, 5], "texture": "#back", "cullface": "south"},
				"west": {"uv": [16, 0, 0, 5], "texture": "#side", "cullface": "west"},
				"up": {"uv": [0, 0, 16, 16], "texture": "#top", "cullface": "up"},
				"down": {"uv": [0, 0, 16, 16], "texture": "#bottom"}
			}
		},
		{
			"name": "leg",
			"from": [0, 0, 0],
			"to": [4, 11, 4],
			"faces": {
				"north": {"uv": [12, 5, 16, 16], "texture": "#front", "cullface": "north"},
				"east": {"uv": [12, 5, 16, 16], "texture": "#side"},
				"south": {"uv": [0, 5, 4, 16], "texture": "#back"},
				"west": {"uv": [0, 5, 4, 16], "texture": "#side", "cullface": "west"},
				"down": {"uv": [12, 0, 16, 4], "texture": "#bottom", "cullface": "down"}
			}
		},
		{
			"name": "leg",
			"from": [12, 0, 0],
			"to": [16, 11, 4],
			"faces": {
				"north": {"uv": [0, 5, 4, 16], "texture": "#front", "cullface": "north"},
				"east": {"uv": [12, 5, 16, 16], "texture": "#side", "cullface": "east"},
				"south": {"uv": [12, 5, 16, 16], "texture": "#back"},
				"west": {"uv": [0, 5, 4, 16], "texture": "#side"},
				"down": {"uv": [0, 0, 4, 4], "texture": "#bottom", "cullface": "down"}
			}
		},
		{
			"name": "leg",
			"from": [12, 0, 12],
			"to": [16, 11, 16],
			"faces": {
				"north": {"uv": [0, 5, 4, 16], "texture": "#front"},
				"east": {"uv": [0, 5, 4, 16], "texture": "#side", "cullface": "east"},
				"south": {"uv": [12, 5, 16, 16], "texture": "#back", "cullface": "south"},
				"west": {"uv": [12, 5, 16, 16], "texture": "#side"},
				"down": {"uv": [0, 12, 4, 16], "texture": "#bottom", "cullface": "down"}
			}
		},
		{
			"name": "leg",
			"from": [0, 0, 12],
			"to": [4, 11, 16],
			"faces": {
				"north": {"uv": [12, 5, 16, 16], "texture": "#front"},
				"east": {"uv": [0, 5, 4, 16], "texture": "#side"},
				"south": {"uv": [0, 5, 4, 16], "texture": "#back", "cullface": "south"},
				"west": {"uv": [12, 5, 16, 16], "texture": "#side", "cullface": "west"},
				"down": {"uv": [12, 12, 16, 16], "texture": "#bottom", "cullface": "down"}
			}
		}
	]
}