{
	"credit": "Made with Blockbench",
	"parent": "block/block",
	"ambientocclusion": false,
	"textures": {
		"bottom": "minecolonies:blocks/hut_base_top",
		"crop": "block/wheat_stage4",
		"farmland": "block/farmland_moist",
		"front": "minecolonies:blocks/farm_hut_front",
		"particle": "minecolonies:blocks/farm_hut_side",
		"side": "minecolonies:blocks/farm_hut_side",
		"top": "minecolonies:blocks/farm_hut_top"
	},
	"display": {
		"thirdperson_righthand": {
			"rotation": [75, 45, 0],
			"translation": [0, 2.5, 0],
			"scale": [0.375, 0.375, 0.375]
		},
		"thirdperson_lefthand": {
			"rotation": [75, 45, 0],
			"translation": [0, 2.5, 0],
			"scale": [0.375, 0.375, 0.375]
		},
		"firstperson_righthand": {
			"rotation": [0, 45, 0],
			"scale": [0.4, 0.4, 0.4]
		},
		"firstperson_lefthand": {
			"rotation": [0, 225, 0],
			"scale": [0.4, 0.4, 0.4]
		},
		"ground": {
			"translation": [0, 3, 0],
			"scale": [0.25, 0.25, 0.25]
		},
		"gui": {
			"rotation": [30, 225, 0],
			"scale": [0.625, 0.625, 0.625]
		},
		"fixed": {
			"scale": [0.5, 0.5, 0.5]
		}
	},
	"groups": [
		{
			"name": "crop",
			"origin": [8, 8, 8],
			"color": 0,
			"children": [0, 1, 2, 3]
		},
		{
			"name": "solid",
			"origin": [0, 0, 0],
			"color": 0,
			"children": [4, 5, 6, 7, 8, 9]
		}
	],
	"loader": "forge:multi-layer",
	"layers": {
		"solid": {
			"parent": "block/block",
			"textures": {
				"bottom": "minecolonies:blocks/hut_base_top",
				"crop": "block/wheat_stage4",
				"farmland": "block/farmland_moist",
				"front": "minecolonies:blocks/farm_hut_front",
				"particle": "minecolonies:blocks/farm_hut_side",
				"side": "minecolonies:blocks/farm_hut_side",
				"top": "minecolonies:blocks/farm_hut_top"
			},
			"elements": [
				{
					"name": "bottom",
					"from": [0, 0, 0],
					"to": [16, 2, 16],
					"rotation": {"angle": 0, "axis": "y", "origin": [0, 0, 0]},
					"faces": {
						"down": {"uv": [0, 0, 16, 16], "texture": "#bottom", "cullface": "down"}
					}
				},
				{
					"name": "north",
					"from": [2, 0, 0],
					"to": [14, 16, 2],
					"rotation": {"angle": 0, "axis": "y", "origin": [0, 0, 0]},
					"faces": {
						"north": {"uv": [2, 0, 14, 16], "texture": "#front", "cullface": "north"},
						"south": {"uv": [2, 0, 14, 16], "texture": "#front"},
						"up": {"uv": [2, 0, 14, 2], "texture": "#top", "cullface": "up"}
					}
				},
				{
					"name": "south",
					"from": [2, 0, 14],
					"to": [14, 16, 16],
					"rotation": {"angle": 0, "axis": "y", "origin": [0, 0, 0]},
					"faces": {
						"north": {"uv": [2, 0, 14, 16], "texture": "#front"},
						"south": {"uv": [2, 0, 14, 16], "texture": "#front", "cullface": "south"},
						"up": {"uv": [2, 14, 14, 16], "texture": "#top", "cullface": "up"}
					}
				},
				{
					"name": "east",
					"from": [14, 0, 0],
					"to": [16, 16, 16],
					"rotation": {"angle": 0, "axis": "y", "origin": [0, 0, 0]},
					"faces": {
						"north": {"uv": [0, 0, 2, 16], "texture": "#front", "cullface": "north"},
						"east": {"uv": [0, 0, 16, 16], "texture": "#side", "cullface": "east"},
						"south": {"uv": [14, 0, 16, 16], "texture": "#front", "cullface": "south"},
						"west": {"uv": [0, 0, 16, 16], "texture": "#front"},
						"up": {"uv": [14, 0, 16, 16], "texture": "#top", "cullface": "up"}
					}
				},
				{
					"name": "west",
					"from": [0, 0, 0],
					"to": [2, 16, 16],
					"rotation": {"angle": 0, "axis": "y", "origin": [0, 0, 0]},
					"faces": {
						"north": {"uv": [14, 0, 16, 16], "texture": "#front", "cullface": "north"},
						"east": {"uv": [0, 0, 16, 16], "texture": "#front"},
						"south": {"uv": [0, 0, 2, 16], "texture": "#front", "cullface": "south"},
						"west": {"uv": [0, 0, 16, 16], "texture": "#side", "cullface": "west"},
						"up": {"uv": [0, 0, 2, 16], "texture": "#top", "cullface": "up"}
					}
				},
				{
					"name": "farmland",
					"from": [2, 2, 2],
					"to": [14, 14, 14],
					"rotation": {"angle": 0, "axis": "y", "origin": [0, 0, 0]},
					"faces": {
						"up": {"uv": [2, 2, 14, 14], "texture": "#farmland"}
					}
				}
			]
		},
		"cutout": {
			"parent": "block/block",
			"textures": {
				"bottom": "minecolonies:blocks/hut_base_top",
				"crop": "block/wheat_stage4",
				"farmland": "block/farmland_moist",
				"front": "minecolonies:blocks/farm_hut_front",
				"particle": "minecolonies:blocks/farm_hut_side",
				"side": "minecolonies:blocks/farm_hut_side",
				"top": "minecolonies:blocks/farm_hut_top"
			},
			"elements": [
				{
					"name": "crop",
					"from": [4, 14, 2],
					"to": [4, 26, 14],
					"shade": false,
					"rotation": {"angle": 0, "axis": "y", "origin": [0, 0, 0]},
					"faces": {
						"east": {"uv": [1, 0, 13, 12], "texture": "#crop"},
						"west": {"uv": [1, 0, 13, 12], "texture": "#crop"}
					}
				},
				{
					"name": "crop",
					"from": [12, 14, 2],
					"to": [12, 26, 14],
					"shade": false,
					"rotation": {"angle": 0, "axis": "y", "origin": [0, 0, 0]},
					"faces": {
						"east": {"uv": [1, 0, 13, 12], "texture": "#crop"},
						"west": {"uv": [1, 0, 13, 12], "texture": "#crop"}
					}
				},
				{
					"name": "crop",
					"from": [2, 14, 4],
					"to": [14, 26, 4],
					"shade": false,
					"rotation": {"angle": 0, "axis": "y", "origin": [0, 0, 0]},
					"faces": {
						"north": {"uv": [1, 0, 13, 12], "texture": "#crop"},
						"south": {"uv": [1, 0, 13, 12], "texture": "#crop"}
					}
				},
				{
					"name": "crop",
					"from": [2, 14, 12],
					"to": [14, 26, 12],
					"shade": false,
					"rotation": {"angle": 0, "axis": "y", "origin": [0, 0, 0]},
					"faces": {
						"north": {"uv": [1, 0, 13, 12], "texture": "#crop"},
						"south": {"uv": [1, 0, 13, 12], "texture": "#crop"}
					}
				}
			]
		}
	}
}