{
	"credit": "Made with Blockbench",
	"parent": "block/block",
	"textures": {
		"cake_side": "block/cake_side",
		"cake_top": "block/cake_top",
		"details": "minecolonies:blocks/rack_details",
		"details2": "minecolonies:blocks/rack_details2",
		"legs": "block/stone",
		"particle": "minecolonies:blocks/hut_base_side",
		"sand": "block/sand",
		"shelf": "minecolonies:blocks/hut_base_side",
		"turtle_egg": "block/turtle_egg"
	},
	"elements": [
		{
			"name": "tnt",
			"from": [2, 8, 3],
			"to": [8, 14, 9],
			"rotation": {"angle": -22.5, "axis": "y", "origin": [8, 8, 4]},
			"faces": {
				"north": {"uv": [0, 0, 6, 6], "texture": "#details"},
				"east": {"uv": [0, 0, 6, 6], "texture": "#details"},
				"south": {"uv": [0, 0, 6, 6], "texture": "#details"},
				"west": {"uv": [0, 0, 6, 6], "texture": "#details"},
				"up": {"uv": [6, 0, 12, 6], "texture": "#details"}
			}
		},
		{
			"name": "target",
			"from": [8.5, 16, 9],
			"to": [14.5, 22, 15],
			"rotation": {"angle": -22.5, "axis": "y", "origin": [12.5, 19, 11]},
			"faces": {
				"north": {"uv": [0, 0, 6, 6], "texture": "#details2"},
				"east": {"uv": [0, 0, 6, 6], "texture": "#details2"},
				"south": {"uv": [0, 0, 6, 6], "texture": "#details2"},
				"west": {"uv": [0, 0, 6, 6], "texture": "#details2"},
				"up": {"uv": [0, 0, 6, 6], "rotation": 90, "texture": "#details2"}
			}
		},
		{
			"name": "turtle_egg",
			"from": [3, 8, 7],
			"to": [7, 13, 11],
			"rotation": {"angle": -22.5, "axis": "y", "origin": [-2, 8, 10]},
			"faces": {
				"north": {"uv": [10, 10, 14, 15], "rotation": 180, "texture": "#turtle_egg"},
				"east": {"uv": [1, 4, 5, 9], "rotation": 180, "texture": "#turtle_egg"},
				"south": {"uv": [10, 10, 14, 15], "rotation": 180, "texture": "#turtle_egg"},
				"west": {"uv": [1, 5, 5, 10], "rotation": 180, "texture": "#turtle_egg"},
				"up": {"uv": [0, 0, 4, 4], "rotation": 180, "texture": "#turtle_egg"}
			}
		},
		{
			"name": "sand",
			"from": [2, 16, 2],
			"to": [7, 21, 7],
			"rotation": {"angle": 0, "axis": "y", "origin": [7, 16, 3]},
			"faces": {
				"north": {"uv": [0, 0, 5, 5], "texture": "#sand"},
				"east": {"uv": [0, 0, 5, 5], "texture": "#sand"},
				"south": {"uv": [0, 0, 5, 5], "texture": "#sand"},
				"west": {"uv": [0, 0, 5, 5], "texture": "#sand"},
				"up": {"uv": [0, 0, 5, 5], "texture": "#sand"}
			}
		},
		{
			"name": "cake",
			"from": [8, 16, 0],
			"to": [13, 19, 5],
			"rotation": {"angle": 22.5, "axis": "y", "origin": [14, 16, 1.5]},
			"faces": {
				"north": {"uv": [10, 10, 15, 13], "texture": "#cake_side"},
				"east": {"uv": [1, 10, 6, 13], "texture": "#cake_side"},
				"south": {"uv": [10, 10, 15, 13], "texture": "#cake_side"},
				"west": {"uv": [1, 10, 6, 13], "texture": "#cake_side"},
				"up": {"uv": [3, 2, 8, 7], "texture": "#cake_top"}
			}
		},
		{
			"name": "stone",
			"from": [2, 16, 12],
			"to": [6, 20, 16],
			"rotation": {"angle": -22.5, "axis": "y", "origin": [8, 16, 13]},
			"faces": {
				"north": {"uv": [0, 4, 4, 8], "texture": "#legs"},
				"east": {"uv": [12, 0, 16, 4], "texture": "#legs"},
				"south": {"uv": [8, 0, 12, 4], "texture": "#legs"},
				"west": {"uv": [4, 0, 8, 4], "texture": "#legs"},
				"up": {"uv": [0, 0, 4, 4], "texture": "#legs"}
			}
		},
		{
			"name": "obsidian",
			"from": [8, 8, 5],
			"to": [14, 14, 11],
			"rotation": {"angle": -45, "axis": "y", "origin": [11, 11, 9]},
			"faces": {
				"north": {"uv": [6, 6, 12, 12], "texture": "#details"},
				"east": {"uv": [0, 6, 6, 12], "texture": "#details"},
				"south": {"uv": [6, 6, 12, 12], "texture": "#details"},
				"west": {"uv": [0, 6, 6, 12], "texture": "#details"},
				"up": {"uv": [6, 6, 12, 12], "texture": "#details"}
			}
		},
		{
			"name": "supportNWb",
			"from": [1, 0, 1],
			"to": [2, 15, 2],
			"faces": {
				"north": {"uv": [10, 1, 11, 16], "texture": "#legs"},
				"east": {"uv": [2, 0, 3, 15], "texture": "#legs"},
				"south": {"uv": [15, 0, 16, 15], "texture": "#legs"},
				"west": {"uv": [7, 0, 8, 15], "texture": "#legs"},
				"down": {"uv": [0, 0, 1, 1], "texture": "#legs"}
			}
		},
		{
			"name": "supportNM",
			"from": [14, 0, 1],
			"to": [15, 15, 2],
			"faces": {
				"north": {"uv": [4, 1, 5, 16], "texture": "#legs"},
				"east": {"uv": [7, 1, 8, 16], "texture": "#legs"},
				"south": {"uv": [14, 0, 15, 15], "texture": "#legs"},
				"west": {"uv": [1, 0, 2, 15], "texture": "#legs"},
				"down": {"uv": [0, 0, 1, 1], "texture": "#legs"}
			}
		},
		{
			"name": "supportSM",
			"from": [14, 0, 14],
			"to": [15, 15, 15],
			"faces": {
				"north": {"uv": [6, 0, 7, 15], "texture": "#legs"},
				"east": {"uv": [7, 0, 8, 15], "texture": "#legs"},
				"south": {"uv": [4, 0, 5, 15], "texture": "#legs"},
				"west": {"uv": [5, 0, 6, 15], "texture": "#legs"},
				"down": {"uv": [0, 0, 1, 1], "texture": "#legs"}
			}
		},
		{
			"name": "supportSWb",
			"from": [1, 0, 14],
			"to": [2, 15, 15],
			"faces": {
				"north": {"uv": [2, 0, 3, 15], "texture": "#legs"},
				"east": {"uv": [3, 0, 4, 15], "texture": "#legs"},
				"south": {"uv": [0, 0, 1, 15], "texture": "#legs"},
				"west": {"uv": [1, 0, 2, 15], "texture": "#legs"},
				"down": {"uv": [0, 0, 1, 1], "texture": "#legs"}
			}
		},
		{
			"name": "shelfBL",
			"from": [0, 7, 0],
			"to": [16, 8, 16],
			"faces": {
				"north": {"uv": [0, 0, 16, 1], "rotation": 180, "texture": "#shelf"},
				"east": {"uv": [15, 0, 16, 16], "rotation": 90, "texture": "#shelf"},
				"south": {"uv": [0, 15, 16, 16], "texture": "#shelf"},
				"west": {"uv": [0, 0, 1, 16], "rotation": 270, "texture": "#shelf"},
				"up": {"uv": [0, 0, 16, 16], "texture": "#shelf"},
				"down": {"uv": [16, 0, 0, 16], "rotation": 180, "texture": "#shelf"}
			}
		},
		{
			"name": "shelfTL",
			"from": [0, 15, 0],
			"to": [16, 16, 16],
			"faces": {
				"north": {"uv": [0, 0, 16, 1], "rotation": 180, "texture": "#shelf"},
				"east": {"uv": [15, 0, 16, 16], "rotation": 90, "texture": "#shelf"},
				"south": {"uv": [0, 15, 16, 16], "texture": "#shelf"},
				"west": {"uv": [0, 0, 1, 16], "rotation": 270, "texture": "#shelf"},
				"up": {"uv": [0, 0, 16, 16], "texture": "#shelf"},
				"down": {"uv": [16, 0, 0, 16], "rotation": 180, "texture": "#shelf"}
			}
		}
	],
	"display": {
		"thirdperson_righthand": {
			"rotation": [75, 45, 0],
			"translation": [0, 2.5, 0],
			"scale": [0.375, 0.375, 0.375]
		},
		"thirdperson_lefthand": {
			"rotation": [75, 45, 0],
			"translation": [0, 2.5, 0],
			"scale": [0.375, 0.375, 0.375]
		},
		"firstperson_righthand": {
			"rotation": [0, 45, 0],
			"scale": [0.4, 0.4, 0.4]
		},
		"firstperson_lefthand": {
			"rotation": [0, 225, 0],
			"scale": [0.4, 0.4, 0.4]
		},
		"ground": {
			"translation": [0, 3, 0],
			"scale": [0.25, 0.25, 0.25]
		},
		"gui": {
			"rotation": [30, 225, 0],
			"scale": [0.625, 0.625, 0.625]
		},
		"fixed": {
			"scale": [0.5, 0.5, 0.5]
		}
	},
	"groups": [0, 1, 2, 3, 4, 5, 6,
		{
			"name": "blockrackempty",
			"origin": [8, 8, 8],
			"color": 0,
			"children": [7, 8, 9, 10, 11, 12]
		}
	]
}