{
	"credit": "Made with Blockbench",
	"parent": "minecraft:block/block",
	"ambientocclusion": false,
	"textures": {
		"bottom": "minecolonies:blocks/barracks_hut_bottom",
		"flag": "minecolonies:blocks/barracks_hut_flag",
		"particle": "minecolonies:blocks/barracks_hut_side",
		"side": "minecolonies:blocks/barracks_hut_side",
		"top": "minecolonies:blocks/barracks_hut_top"
	},
	"display": {
		"thirdperson_righthand": {
			"rotation": [75, 45, 0],
			"translation": [0, 2.5, 0],
			"scale": [0.375, 0.375, 0.375]
		},
		"thirdperson_lefthand": {
			"rotation": [75, 45, 0],
			"translation": [0, 2.5, 0],
			"scale": [0.375, 0.375, 0.375]
		},
		"firstperson_righthand": {
			"rotation": [0, 45, 0],
			"scale": [0.4, 0.4, 0.4]
		},
		"firstperson_lefthand": {
			"rotation": [0, 225, 0],
			"scale": [0.4, 0.4, 0.4]
		},
		"ground": {
			"translation": [0, 3, 0],
			"scale": [0.25, 0.25, 0.25]
		},
		"gui": {
			"rotation": [30, 134, 0],
			"scale": [0.625, 0.625, 0.625]
		},
		"head": {
			"translation": [0, 1, 0]
		},
		"fixed": {
			"scale": [0.5, 0.5, 0.5]
		}
	},
	"groups": [
		{
			"name": "cutout",
			"origin": [8, 22, 8],
			"color": 0,
			"children": [0]
		},
		{
			"name": "solid",
			"origin": [0, 0, 0],
			"color": 0,
			"children": [1, 2, 3, 4, 5, 6]
		}
	],
	"loader": "forge:multi-layer",
	"layers": {
		"solid": {
			"parent": "minecraft:block/block",
			"textures": {
				"bottom": "minecolonies:blocks/barracks_hut_bottom",
				"flag": "minecolonies:blocks/barracks_hut_flag",
				"particle": "minecolonies:blocks/barracks_hut_side",
				"side": "minecolonies:blocks/barracks_hut_side",
				"top": "minecolonies:blocks/barracks_hut_top"
			},
			"elements": [
				{
					"name": "top",
					"from": [0, 9, 0],
					"to": [16, 14, 16],
					"rotation": {"angle": 0, "axis": "y", "origin": [0, 0, 0]},
					"faces": {
						"north": {"uv": [0, 2, 16, 7], "texture": "#side", "cullface": "north"},
						"east": {"uv": [0, 2, 16, 7], "texture": "#side", "cullface": "east"},
						"south": {"uv": [0, 2, 16, 7], "texture": "#side", "cullface": "south"},
						"west": {"uv": [0, 2, 16, 7], "texture": "#side", "cullface": "west"},
						"up": {"uv": [0, 0, 16, 16], "texture": "#top"},
						"down": {"uv": [0, 0, 16, 16], "texture": "#bottom"}
					}
				},
				{
					"name": "base",
					"from": [3, 5, 3],
					"to": [13, 9, 13],
					"rotation": {"angle": 0, "axis": "y", "origin": [0, 0, 0]},
					"faces": {
						"north": {"uv": [3, 7, 13, 11], "texture": "#side"},
						"east": {"uv": [3, 7, 13, 11], "texture": "#side"},
						"south": {"uv": [3, 7, 13, 11], "texture": "#side"},
						"west": {"uv": [3, 7, 13, 11], "texture": "#side"},
						"down": {"uv": [3, 3, 13, 13], "texture": "#bottom"}
					}
				},
				{
					"name": "leg",
					"from": [1, 0, 1],
					"to": [5, 9, 5],
					"rotation": {"angle": 0, "axis": "y", "origin": [0, 0, 0]},
					"faces": {
						"north": {"uv": [11, 7, 15, 16], "texture": "#side"},
						"east": {"uv": [11, 7, 15, 16], "texture": "#side"},
						"south": {"uv": [1, 7, 5, 16], "texture": "#side"},
						"west": {"uv": [1, 7, 5, 16], "texture": "#side"},
						"down": {"uv": [12, 0, 16, 4], "texture": "#bottom", "cullface": "down"}
					}
				},
				{
					"name": "leg",
					"from": [11, 0, 1],
					"to": [15, 9, 5],
					"rotation": {"angle": 0, "axis": "y", "origin": [0, 0, 0]},
					"faces": {
						"north": {"uv": [1, 7, 5, 16], "texture": "#side"},
						"east": {"uv": [11, 7, 15, 16], "texture": "#side"},
						"south": {"uv": [11, 7, 15, 16], "texture": "#side"},
						"west": {"uv": [1, 7, 5, 16], "texture": "#side"},
						"down": {"uv": [0, 0, 4, 4], "texture": "#bottom", "cullface": "down"}
					}
				},
				{
					"name": "leg",
					"from": [11, 0, 11],
					"to": [15, 9, 15],
					"rotation": {"angle": 0, "axis": "y", "origin": [0, 0, 0]},
					"faces": {
						"north": {"uv": [1, 7, 5, 16], "texture": "#side"},
						"east": {"uv": [1, 7, 5, 16], "texture": "#side"},
						"south": {"uv": [11, 7, 15, 16], "texture": "#side"},
						"west": {"uv": [11, 7, 15, 16], "texture": "#side"},
						"down": {"uv": [0, 12, 4, 16], "texture": "#bottom", "cullface": "down"}
					}
				},
				{
					"name": "leg",
					"from": [1, 0, 11],
					"to": [5, 9, 15],
					"rotation": {"angle": 0, "axis": "y", "origin": [0, 0, 0]},
					"faces": {
						"north": {"uv": [11, 7, 15, 16], "texture": "#side"},
						"east": {"uv": [1, 7, 5, 16], "texture": "#side"},
						"south": {"uv": [1, 7, 5, 16], "texture": "#side"},
						"west": {"uv": [11, 7, 15, 16], "texture": "#side"},
						"down": {"uv": [12, 12, 16, 16], "texture": "#bottom", "cullface": "down"}
					}
				}
			]
		},
		"cutout": {
			"parent": "minecraft:block/block",
			"textures": {
				"bottom": "minecolonies:blocks/barracks_hut_bottom",
				"flag": "minecolonies:blocks/barracks_hut_flag",
				"particle": "minecolonies:blocks/barracks_hut_side",
				"side": "minecolonies:blocks/barracks_hut_side",
				"top": "minecolonies:blocks/barracks_hut_top"
			},
			"elements": [
				{
					"name": "flag",
					"from": [0.5, 14, 8],
					"to": [15.5, 30, 8],
					"rotation": {"angle": 45, "axis": "y", "origin": [8, 22, 8]},
					"faces": {
						"north": {"uv": [0, 0, 15, 16], "texture": "#flag"},
						"south": {"uv": [0, 0, 15, 16], "texture": "#flag"}
					}
				}
			]
		}
	}
}