{
	"credit": "Made with Blockbench",
	"parent": "block/block",
	"ambientocclusion": false,
	"textures": {
		"particle": "block/bamboo_stalk",
		"bamboo": "block/bamboo_stalk",
		"bamboo_leaves": "block/bamboo_small_leaves",
		"bottom": "minecolonies:blocks/hut_base_top",
		"cactus_top": "block/cactus_top",
		"cactus": "block/cactus_side",
		"compost": "minecolonies:blocks/composted_dirt",
		"front": "minecolonies:blocks/plantation_hut_front",
		"side": "minecolonies:blocks/plantation_hut_side",
		"sugar_cane": "block/sugar_cane",
		"top": "minecolonies:blocks/plantation_hut_top"
	},
	"display": {
		"thirdperson_righthand": {
			"rotation": [75, 135, 0],
			"translation": [0, 2.5, 0],
			"scale": [0.375, 0.375, 0.375]
		},
		"thirdperson_lefthand": {
			"rotation": [75, 135, 0],
			"translation": [0, 2.5, 0],
			"scale": [0.375, 0.375, 0.375]
		},
		"firstperson_righthand": {
			"rotation": [0, -45, 0],
			"scale": [0.4, 0.4, 0.4]
		},
		"firstperson_lefthand": {
			"rotation": [0, 135, 0],
			"scale": [0.4, 0.4, 0.4]
		},
		"ground": {
			"translation": [0, 3, 0],
			"scale": [0.25, 0.25, 0.25]
		},
		"gui": {
			"rotation": [30, 45, 0],
			"scale": [0.625, 0.625, 0.625]
		},
		"fixed": {
			"translation": [0, -3, -0.75],
			"scale": [0.5, 0.5, 0.5]
		}
	},
	"groups": [
		{
			"name": "cutout",
			"origin": [16, 0, 0],
			"color": 0,
			"children": [0, 1, 2, 3]
		},
		{
			"name": "solid",
			"origin": [16, 0, 0],
			"color": 0,
			"children": [4, 5, 6, 7, 8, 9, 10, 11, 12]
		}
	],
	"loader": "forge:multi-layer",
	"layers": {
		"solid": {
			"parent": "block/block",
			"textures": {
				"particle": "block/bamboo_stalk",
				"bamboo": "block/bamboo_stalk",
				"bamboo_leaves": "block/bamboo_small_leaves",
				"bottom": "minecolonies:blocks/hut_base_top",
				"cactus_top": "block/cactus_top",
				"cactus": "block/cactus_side",
				"compost": "minecolonies:blocks/composted_dirt",
				"front": "minecolonies:blocks/plantation_hut_front",
				"side": "minecolonies:blocks/plantation_hut_side",
				"sugar_cane": "block/sugar_cane",
				"top": "minecolonies:blocks/plantation_hut_top"
			},
			"elements": [
				{
					"name": "bottom",
					"from": [0, 0, 0],
					"to": [16, 2, 16],
					"faces": {
						"down": {"uv": [0, 0, 16, 16], "rotation": 180, "texture": "#bottom", "cullface": "down"}
					}
				},
				{
					"name": "north",
					"from": [2, 0, 14],
					"to": [14, 16, 16],
					"faces": {
						"north": {"uv": [2, 0, 14, 16], "texture": "#front"},
						"south": {"uv": [2, 0, 14, 16], "texture": "#front", "cullface": "south"},
						"up": {"uv": [2, 0, 14, 2], "rotation": 180, "texture": "#top", "cullface": "up"}
					}
				},
				{
					"name": "south",
					"from": [2, 0, 0],
					"to": [14, 16, 2],
					"faces": {
						"north": {"uv": [2, 0, 14, 16], "texture": "#front", "cullface": "north"},
						"south": {"uv": [2, 0, 14, 16], "texture": "#front"},
						"up": {"uv": [2, 14, 14, 16], "rotation": 180, "texture": "#top", "cullface": "up"}
					}
				},
				{
					"name": "east",
					"from": [0, 0, 0],
					"to": [2, 16, 16],
					"faces": {
						"north": {"uv": [14, 0, 16, 16], "texture": "#front", "cullface": "north"},
						"east": {"uv": [0, 0, 16, 16], "texture": "#front"},
						"south": {"uv": [0, 0, 2, 16], "texture": "#front", "cullface": "south"},
						"west": {"uv": [0, 0, 16, 16], "texture": "#side", "cullface": "west"},
						"up": {"uv": [14, 0, 16, 16], "rotation": 180, "texture": "#top", "cullface": "up"}
					}
				},
				{
					"name": "west",
					"from": [14, 0, 0],
					"to": [16, 16, 16],
					"faces": {
						"north": {"uv": [0, 0, 2, 16], "texture": "#front", "cullface": "north"},
						"east": {"uv": [0, 0, 16, 16], "texture": "#side", "cullface": "east"},
						"south": {"uv": [14, 0, 16, 16], "texture": "#front", "cullface": "south"},
						"west": {"uv": [0, 0, 16, 16], "texture": "#front"},
						"up": {"uv": [0, 0, 2, 16], "rotation": 180, "texture": "#top", "cullface": "up"}
					}
				},
				{
					"name": "compost",
					"from": [2, 2, 2],
					"to": [14, 14, 14],
					"faces": {
						"up": {"uv": [2, 2, 14, 14], "rotation": 180, "texture": "#compost"}
					}
				},
				{
					"name": "cactus",
					"from": [4, 14, 4],
					"to": [8, 24, 8],
					"rotation": {"angle": 0, "axis": "y", "origin": [16, 0, 0]},
					"faces": {
						"north": {"uv": [6, 5, 10, 15], "texture": "#cactus"},
						"east": {"uv": [6, 3, 10, 13], "texture": "#cactus"},
						"south": {"uv": [6, 0, 10, 10], "texture": "#cactus"},
						"west": {"uv": [6, 2, 10, 12], "texture": "#cactus"},
						"up": {"uv": [10, 10, 14, 14], "rotation": 90, "texture": "#cactus_top"}
					}
				},
				{
					"name": "bamboo",
					"from": [10, 14, 8],
					"to": [12, 28, 10],
					"rotation": {"angle": 0, "axis": "y", "origin": [16, 0, 0]},
					"faces": {
						"north": {"uv": [0, 0, 2, 14], "texture": "#bamboo"},
						"east": {"uv": [0, 0, 2, 14], "texture": "#bamboo"},
						"south": {"uv": [0, 0, 2, 14], "texture": "#bamboo"},
						"west": {"uv": [0, 0, 2, 14], "texture": "#bamboo"},
						"up": {"uv": [13, 0, 15, 2], "rotation": 90, "texture": "#bamboo"}
					}
				},
				{
					"name": "sugar_cane",
					"from": [6, 14, 10],
					"to": [8, 26, 12],
					"rotation": {"angle": 0, "axis": "y", "origin": [16, 0, 0]},
					"faces": {
						"north": {"uv": [9, 0, 11, 12], "texture": "#sugar_cane"},
						"east": {"uv": [9, 0, 11, 12], "texture": "#sugar_cane"},
						"south": {"uv": [9, 0, 11, 12], "texture": "#sugar_cane"},
						"west": {"uv": [9, 0, 11, 12], "texture": "#sugar_cane"},
						"up": {"uv": [13, 0, 15, 2], "rotation": 90, "texture": "#sugar_cane"}
					}
				}
			]
		},
		"cutout": {
			"parent": "block/block",
			"textures": {
				"particle": "block/bamboo_stalk",
				"bamboo": "block/bamboo_stalk",
				"bamboo_leaves": "block/bamboo_small_leaves",
				"bottom": "minecolonies:blocks/hut_base_top",
				"cactus_top": "block/cactus_top",
				"cactus": "block/cactus_side",
				"compost": "minecolonies:blocks/composted_dirt",
				"front": "minecolonies:blocks/plantation_hut_front",
				"side": "minecolonies:blocks/plantation_hut_side",
				"sugar_cane": "block/sugar_cane",
				"top": "minecolonies:blocks/plantation_hut_top"
			},
			"elements": [
				{
					"name": "bamboo_leaves",
					"from": [11, 13, 2],
					"to": [11, 29, 16.4],
					"shade": false,
					"rotation": {"angle": 0, "axis": "y", "origin": [16, 0, 0]},
					"faces": {
						"east": {"uv": [0, 0, 16, 16], "texture": "#bamboo_leaves", "tintindex": 0},
						"west": {"uv": [0, 0, 16, 16], "texture": "#bamboo_leaves", "tintindex": 0}
					}
				},
				{
					"name": "bamboo_leaves",
					"from": [3.6, 13, 9],
					"to": [18, 29, 9],
					"shade": false,
					"rotation": {"angle": 0, "axis": "y", "origin": [16, 0, 0]},
					"faces": {
						"north": {"uv": [0, 0, 16, 16], "texture": "#bamboo_leaves", "tintindex": 0},
						"south": {"uv": [0, 0, 16, 16], "texture": "#bamboo_leaves", "tintindex": 0}
					}
				},
				{
					"name": "sugar_cane_leaves",
					"from": [5, 13, 11],
					"to": [9, 26, 11],
					"shade": false,
					"rotation": {"angle": 0, "axis": "y", "origin": [4, 19.5, 11]},
					"faces": {
						"north": {"uv": [4, 1, 8, 14], "texture": "#sugar_cane", "tintindex": 0},
						"south": {"uv": [4, 1, 8, 14], "texture": "#sugar_cane", "tintindex": 0}
					}
				},
				{
					"name": "sugar_cane_leaves",
					"from": [7, 13, 9],
					"to": [7, 26, 13],
					"shade": false,
					"rotation": {"angle": 0, "axis": "y", "origin": [16, 0, 0]},
					"faces": {
						"east": {"uv": [0, 1, 4, 14], "texture": "#sugar_cane", "tintindex": 0},
						"west": {"uv": [0, 1, 4, 14], "texture": "#sugar_cane", "tintindex": 0}
					}
				}
			]
		}
	}
}