{
	"credit": "Made with Blockbench",
	"parent": "minecraft:block/block",
	"textures": {
		"chisel": "minecolonies:blocks/sawmill_hut_chisel",
		"front": "minecolonies:blocks/sawmill_hut_front",
		"saw": "minecolonies:blocks/sawmill_hut_saw",
		"particle": "minecolonies:blocks/sawmill_hut_side",
		"side": "minecolonies:blocks/sawmill_hut_side",
		"top": "minecolonies:blocks/hut_base_top"
	},
	"elements": [
		{
			"name": "top",
			"from": [0, 15, 0],
			"to": [16, 16, 16],
			"rotation": {"angle": 0, "axis": "y", "origin": [8, 8, 8]},
			"faces": {
				"north": {"uv": [0, 0, 16, 1], "texture": "#front", "cullface": "north"},
				"east": {"uv": [0, 0, 16, 1], "texture": "#side", "cullface": "east"},
				"south": {"uv": [0, 0, 16, 1], "texture": "#front", "cullface": "south"},
				"west": {"uv": [0, 0, 16, 1], "texture": "#side", "cullface": "west"},
				"up": {"uv": [0, 0, 16, 16], "texture": "#top", "cullface": "up"},
				"down": {"uv": [0, 0, 16, 16], "texture": "#top"}
			}
		},
		{
			"name": "legs",
			"from": [1, 0, 0],
			"to": [1, 16, 16],
			"rotation": {"angle": 0, "axis": "y", "origin": [8, 8, 8]},
			"faces": {
				"east": {"uv": [0, 0, 16, 16], "texture": "#side"},
				"west": {"uv": [0, 0, 16, 16], "texture": "#side"}
			}
		},
		{
			"name": "legs",
			"from": [15, 0, 0],
			"to": [15, 16, 16],
			"rotation": {"angle": 0, "axis": "y", "origin": [8, 8, 8]},
			"faces": {
				"east": {"uv": [0, 0, 16, 16], "texture": "#side"},
				"west": {"uv": [0, 0, 16, 16], "texture": "#side"}
			}
		},
		{
			"name": "support",
			"from": [1, 7, 7],
			"to": [15, 9, 9],
			"rotation": {"angle": 0, "axis": "y", "origin": [8, 8, 8]},
			"faces": {
				"north": {"uv": [1, 7, 14.99, 9], "texture": "#front"},
				"south": {"uv": [1, 7, 14.99, 9], "texture": "#front"},
				"up": {"uv": [1, 5, 14.99, 7], "texture": "#front"},
				"down": {"uv": [1, 9, 14.99, 11], "texture": "#front"}
			}
		},
		{
			"name": "saw",
			"from": [15.98, 0, 0],
			"to": [15.98, 16, 16],
			"rotation": {"angle": 0, "axis": "y", "origin": [8, 8, 8]},
			"faces": {
				"east": {"uv": [0, 0, 16, 16], "texture": "#saw", "cullface": "east"},
				"west": {"uv": [16, 0, 0, 16], "texture": "#saw"}
			}
		},
		{
			"name": "chisel",
			"from": [0.02, 0, 0],
			"to": [0.02, 16, 16],
			"rotation": {"angle": 0, "axis": "y", "origin": [8, 8, 8]},
			"faces": {
				"east": {"uv": [16, 0, 0, 16], "texture": "#chisel"},
				"west": {"uv": [0, 0, 16, 16], "texture": "#chisel", "cullface": "west"}
			}
		}
	],
	"display": {
		"thirdperson_righthand": {
			"rotation": [75, 45, 0],
			"translation": [0, 2.5, 0],
			"scale": [0.375, 0.375, 0.375]
		},
		"thirdperson_lefthand": {
			"rotation": [75, 45, 0],
			"translation": [0, 2.5, 0],
			"scale": [0.375, 0.375, 0.375]
		},
		"firstperson_righthand": {
			"rotation": [0, 135, 0],
			"scale": [0.4, 0.4, 0.4]
		},
		"firstperson_lefthand": {
			"rotation": [0, 135, 0],
			"scale": [0.4, 0.4, 0.4]
		},
		"ground": {
			"translation": [0, 3, 0],
			"scale": [0.25, 0.25, 0.25]
		},
		"gui": {
			"rotation": [30, -45, 0],
			"scale": [0.625, 0.625, 0.625]
		},
		"fixed": {
			"rotation": [0, -180, 0],
			"scale": [0.5, 0.5, 0.5]
		}
	}
}