{
	"credit": "Made with Blockbench",
	"parent": "block/block",
	"textures": {
		"back": "minecolonies:blocks/glassblower_hut_back",
		"particle": "minecolonies:blocks/glassblower_hut_front",
		"front": "minecolonies:blocks/glassblower_hut_front",
		"glass": "minecolonies:blocks/glassblower_hut_glass",
		"side": "minecolonies:blocks/glassblower_hut_side",
		"top": "minecolonies:blocks/glassblower_hut_top"
	},
	"display": {
		"thirdperson_righthand": {
			"rotation": [75, 45, 0],
			"translation": [0, 2.5, 0],
			"scale": [0.375, 0.375, 0.375]
		},
		"thirdperson_lefthand": {
			"rotation": [75, 45, 0],
			"translation": [0, 2.5, 0],
			"scale": [0.375, 0.375, 0.375]
		},
		"firstperson_righthand": {
			"rotation": [0, 135, 0],
			"scale": [0.4, 0.4, 0.4]
		},
		"firstperson_lefthand": {
			"rotation": [0, 135, 0],
			"scale": [0.4, 0.4, 0.4]
		},
		"ground": {
			"translation": [0, 3, 0],
			"scale": [0.25, 0.25, 0.25]
		},
		"gui": {
			"rotation": [30, 225, 0],
			"translation": [1.25, -0.75, 0],
			"scale": [0.625, 0.625, 0.625]
		},
		"head": {
			"translation": [0, 0, -6.5]
		},
		"fixed": {
			"translation": [0, 0, -2],
			"scale": [0.5, 0.5, 0.5]
		}
	},
	"groups": [
		{
			"name": "translucent",
			"origin": [0, 0, 0],
			"color": 0,
			"children": [0]
		},
		{
			"name": "solid",
			"origin": [0, 0, 0],
			"color": 0,
			"children": [1]
		}
	],
	"loader": "forge:multi-layer",
	"layers": {
		"solid": {
			"parent": "block/block",
			"textures": {
				"back": "minecolonies:blocks/glassblower_hut_back",
				"particle": "minecolonies:blocks/glassblower_hut_front",
				"front": "minecolonies:blocks/glassblower_hut_front",
				"glass": "minecolonies:blocks/glassblower_hut_glass",
				"side": "minecolonies:blocks/glassblower_hut_side",
				"top": "minecolonies:blocks/glassblower_hut_top"
			},
			"elements": [
				{
					"name": "main",
					"from": [0, 0, 8],
					"to": [16, 16, 16],
					"rotation": {"angle": 0, "axis": "y", "origin": [0, 0, 0]},
					"faces": {
						"north": {"uv": [0, 0, 16, 16], "texture": "#front"},
						"east": {"uv": [0, 0, 8, 16], "texture": "#side", "cullface": "east"},
						"south": {"uv": [0, 0, 16, 16], "texture": "#back", "cullface": "south"},
						"west": {"uv": [0, 0, 8, 16], "texture": "#side", "cullface": "west"},
						"up": {"uv": [0, 0, 16, 8], "texture": "#top", "cullface": "up"},
						"down": {"uv": [0, 8, 16, 16], "texture": "#top", "cullface": "down"}
					}
				}
			]
		},
		"cutout": {
			"parent": "block/block",
			"textures": {
				"back": "minecolonies:blocks/glassblower_hut_back",
				"particle": "minecolonies:blocks/glassblower_hut_front",
				"front": "minecolonies:blocks/glassblower_hut_front",
				"glass": "minecolonies:blocks/glassblower_hut_glass",
				"side": "minecolonies:blocks/glassblower_hut_side",
				"top": "minecolonies:blocks/glassblower_hut_top"
			},
			"elements": [
				{
					"name": "glass",
					"from": [4, 8, 0],
					"to": [12, 16, 8],
					"rotation": {"angle": 0, "axis": "y", "origin": [0, 0, 0]},
					"faces": {
						"north": {"uv": [0, 0, 8, 8], "texture": "#glass", "cullface": "north"},
						"east": {"uv": [0, 0, 8, 8], "texture": "#glass"},
						"west": {"uv": [0, 0, 8, 8], "texture": "#glass"},
						"up": {"uv": [0, 0, 8, 8], "texture": "#glass", "cullface": "up"},
						"down": {"uv": [0, 0, 8, 8], "texture": "#glass"}
					}
				}
			]
		}
	}
}