{
	"credit": "Made with Blockbench",
	"parent": "minecraft:block/block",
	"textures": {
		"back": "minecolonies:blocks/courier_hut_back",
		"particle": "minecolonies:blocks/courier_hut_front",
		"front": "minecolonies:blocks/courier_hut_front",
		"side": "minecolonies:blocks/courier_hut_side",
		"top": "minecolonies:blocks/courier_hut_top"
	},
	"elements": [
		{
			"name": "backpack",
			"from": [2, 0, 9],
			"to": [14, 14, 16],
			"faces": {
				"north": {"uv": [2, 2, 14, 16], "texture": "#front"},
				"east": {"uv": [0, 2, 7, 16], "texture": "#side"},
				"south": {"uv": [2, 2, 14, 16], "texture": "#back", "cullface": "south"},
				"west": {"uv": [7, 2, 0, 16], "texture": "#side"},
				"up": {"uv": [2, 0, 14, 7], "rotation": 180, "texture": "#top"},
				"down": {"uv": [2, 0, 14, 7], "rotation": 180, "texture": "#top", "cullface": "down"}
			}
		}
	],
	"display": {
		"thirdperson_righthand": {
			"rotation": [75, 45, 0],
			"translation": [0, 2.5, 0],
			"scale": [0.375, 0.375, 0.375]
		},
		"thirdperson_lefthand": {
			"rotation": [75, 45, 0],
			"translation": [0, 2.5, 0],
			"scale": [0.375, 0.375, 0.375]
		},
		"firstperson_righthand": {
			"rotation": [0, 135, 0],
			"translation": [0, 0.5, 0.75],
			"scale": [0.4, 0.4, 0.4]
		},
		"firstperson_lefthand": {
			"rotation": [0, 135, 0],
			"translation": [0, 0.5, 0.75],
			"scale": [0.4, 0.4, 0.4]
		},
		"ground": {
			"translation": [0, 3, -1],
			"scale": [0.25, 0.25, 0.25]
		},
		"gui": {
			"rotation": [30, 225, 0],
			"translation": [2.5, -0.5, 0],
			"scale": [0.75, 0.75, 0.75]
		},
		"head": {
			"translation": [0, 1, -9],
			"scale": [1.09, 1.09, 1.09]
		},
		"fixed": {
			"translation": [0, 0, -2.5],
			"scale": [0.5, 0.5, 0.5]
		}
	}
}