{
	"credit": "Made with Blockbench",
	"parent": "minecraft:block/block",
	"textures": {
		"6": "minecolonies:blocks/townhall_hut_side_banner",
		"back": "minecolonies:blocks/hut_base_side",
		"banner": "minecolonies:blocks/townhall_hut_banner",
		"bottom": "minecolonies:blocks/townhall_hut_bottom",
		"front": "minecolonies:blocks/townhall_hut_front",
		"side": "minecolonies:blocks/townhall_hut_side",
		"top": "minecolonies:blocks/townhall_hut_top",
		"particle": "minecolonies:blocks/townhall_hut_side_banner"
	},
	"display": {
		"thirdperson_righthand": {
			"rotation": [75, -135, 0],
			"translation": [0, 2.5, 0],
			"scale": [0.375, 0.375, 0.375]
		},
		"thirdperson_lefthand": {
			"rotation": [75, -135, 0],
			"translation": [0, 2.5, 0],
			"scale": [0.375, 0.375, 0.375]
		},
		"firstperson_righthand": {
			"rotation": [0, -45, 0],
			"scale": [0.4, 0.4, 0.4]
		},
		"firstperson_lefthand": {
			"rotation": [0, -45, 0],
			"scale": [0.4, 0.4, 0.4]
		},
		"ground": {
			"translation": [0, 3, 0],
			"scale": [0.25, 0.25, 0.25]
		},
		"gui": {
			"rotation": [30, 45, 0],
			"scale": [0.625, 0.625, 0.625]
		},
		"head": {
			"rotation": [0, -180, 0]
		},
		"fixed": {
			"rotation": [0, -180, 0],
			"scale": [0.5, 0.5, 0.5]
		}
	},
	"groups": [
		{
			"name": "solid",
			"origin": [8, 0, 8],
			"color": 0,
			"children": [0, 1, 2, 3, 4, 5]
		},
		{
			"name": "cutout",
			"origin": [16, 0, 0],
			"color": 0,
			"children": [6, 7]
		}
	],
	"loader": "forge:multi-layer",
	"layers": {
		"solid": {
			"parent": "minecraft:block/block",
			"textures": {
				"6": "minecolonies:blocks/townhall_hut_side_banner",
				"back": "minecolonies:blocks/hut_base_side",
				"banner": "minecolonies:blocks/townhall_hut_banner",
				"bottom": "minecolonies:blocks/townhall_hut_bottom",
				"front": "minecolonies:blocks/townhall_hut_front",
				"side": "minecolonies:blocks/townhall_hut_side",
				"top": "minecolonies:blocks/townhall_hut_top",
				"particle": "minecolonies:blocks/townhall_hut_side_banner"
			},
			"elements": [
				{
					"name": "books",
					"from": [5, 5, 8],
					"to": [11, 11, 14],
					"rotation": {"angle": 0, "axis": "y", "origin": [8, 0, 8]},
					"faces": {
						"south": {"uv": [5, 5, 11, 11], "texture": "#front"}
					}
				},
				{
					"name": "top",
					"from": [0, 11, 0],
					"to": [16, 16, 16],
					"rotation": {"angle": 0, "axis": "y", "origin": [8, 0, 8]},
					"faces": {
						"north": {"uv": [0, 0, 16, 5], "texture": "#side", "cullface": "north"},
						"east": {"uv": [16, 0, 0, 5], "texture": "#6", "cullface": "east"},
						"south": {"uv": [0, 0, 16, 5], "texture": "#front", "cullface": "south"},
						"west": {"uv": [0, 0, 16, 5], "texture": "#6", "cullface": "west"},
						"up": {"uv": [0, 0, 16, 16], "texture": "#top", "cullface": "up"},
						"down": {"uv": [0, 0, 16, 16], "rotation": 180, "texture": "#bottom"}
					}
				},
				{
					"name": "leg",
					"from": [11, 0, 1],
					"to": [15, 11, 15],
					"rotation": {"angle": 0, "axis": "y", "origin": [8, 0, 8]},
					"faces": {
						"north": {"uv": [0, 5, 4, 16], "texture": "#back"},
						"east": {"uv": [1, 5, 15, 16], "texture": "#side"},
						"south": {"uv": [11, 5, 15, 16], "texture": "#front"},
						"west": {"uv": [1, 5, 15, 16], "texture": "#side"},
						"down": {"uv": [1, 1, 5, 15], "rotation": 180, "texture": "#bottom", "cullface": "down"}
					}
				},
				{
					"name": "leg",
					"from": [1, 0, 1],
					"to": [5, 11, 15],
					"rotation": {"angle": 0, "axis": "y", "origin": [8, 0, 8]},
					"faces": {
						"north": {"uv": [12, 5, 16, 16], "texture": "#back"},
						"east": {"uv": [1, 5, 15, 16], "texture": "#side"},
						"south": {"uv": [1, 5, 5, 16], "texture": "#front"},
						"west": {"uv": [1, 5, 15, 16], "texture": "#side"},
						"down": {"uv": [11, 1, 15, 15], "rotation": 180, "texture": "#bottom", "cullface": "down"}
					}
				},
				{
					"name": "leg",
					"from": [5, 0, 1],
					"to": [11, 11, 5],
					"rotation": {"angle": 0, "axis": "y", "origin": [8, 0, 8]},
					"faces": {
						"north": {"uv": [5, 5, 11, 16], "texture": "#back"},
						"south": {"uv": [5, 5, 11, 16], "texture": "#front"},
						"down": {"uv": [5, 1, 11, 5], "rotation": 180, "texture": "#bottom", "cullface": "down"}
					}
				},
				{
					"name": "shelf",
					"from": [5, 4, 4],
					"to": [11, 5, 15],
					"rotation": {"angle": 0, "axis": "y", "origin": [8, 0, 8]},
					"faces": {
						"south": {"uv": [11, 0, 5, 1], "texture": "#back"},
						"up": {"uv": [5, 0, 11, 1], "rotation": 180, "texture": "#back"},
						"down": {"uv": [11, 4, 5, 15], "texture": "#bottom"}
					}
				}
			]
		},
		"cutout": {
			"parent": "minecraft:block/block",
			"textures": {
				"6": "minecolonies:blocks/townhall_hut_side_banner",
				"back": "minecolonies:blocks/hut_base_side",
				"banner": "minecolonies:blocks/townhall_hut_banner",
				"bottom": "minecolonies:blocks/townhall_hut_bottom",
				"front": "minecolonies:blocks/townhall_hut_front",
				"side": "minecolonies:blocks/townhall_hut_side",
				"top": "minecolonies:blocks/townhall_hut_top",
				"particle": "minecolonies:blocks/townhall_hut_side_banner"
			},
			"elements": [
				{
					"name": "banner",
					"from": [16, 0, 0],
					"to": [16, 11, 16],
					"rotation": {"angle": 0, "axis": "y", "origin": [16, 0, 0]},
					"faces": {
						"east": {"uv": [0, 5, 16, 16], "texture": "#banner", "cullface": "east"},
						"west": {"uv": [0, 5, 16, 16], "texture": "#banner", "cullface": "east"}
					}
				},
				{
					"name": "banner",
					"from": [0, 0, 0],
					"to": [0, 11, 16],
					"rotation": {"angle": 0, "axis": "y", "origin": [16, 0, 0]},
					"faces": {
						"east": {"uv": [0, 5, 16, 16], "texture": "#banner", "cullface": "west"},
						"west": {"uv": [0, 5, 16, 16], "texture": "#banner", "cullface": "west"}
					}
				}
			]
		}
	}
}