{
	"credit": "Made with Blockbench",
	"parent": "minecraft:block/block",
	"textures": {
		"legs": "block/stone",
		"particle": "minecolonies:blocks/hut_base_side",
		"shelf": "minecolonies:blocks/hut_base_side"
	},
	"elements": [
		{
			"name": "supportNWb",
			"from": [1, 0, 1],
			"to": [2, 15, 2],
			"faces": {
				"north": {"uv": [10, 1, 11, 16], "texture": "#legs"},
				"east": {"uv": [2, 0, 3, 15], "texture": "#legs"},
				"south": {"uv": [15, 0, 16, 15], "texture": "#legs"},
				"west": {"uv": [7, 0, 8, 15], "texture": "#legs"},
				"down": {"uv": [0, 0, 1, 1], "texture": "#legs", "cullface": "down"}
			}
		},
		{
			"name": "supportNM",
			"from": [14, 0, 1],
			"to": [15, 15, 2],
			"faces": {
				"north": {"uv": [4, 1, 5, 16], "texture": "#legs"},
				"east": {"uv": [7, 1, 8, 16], "texture": "#legs"},
				"south": {"uv": [14, 0, 15, 15], "texture": "#legs"},
				"west": {"uv": [1, 0, 2, 15], "texture": "#legs"},
				"down": {"uv": [0, 0, 1, 1], "texture": "#legs", "cullface": "down"}
			}
		},
		{
			"name": "supportSM",
			"from": [14, 0, 14],
			"to": [15, 15, 15],
			"faces": {
				"north": {"uv": [6, 0, 7, 15], "texture": "#legs"},
				"east": {"uv": [7, 0, 8, 15], "texture": "#legs"},
				"south": {"uv": [4, 0, 5, 15], "texture": "#legs"},
				"west": {"uv": [5, 0, 6, 15], "texture": "#legs"},
				"down": {"uv": [0, 0, 1, 1], "texture": "#legs", "cullface": "down"}
			}
		},
		{
			"name": "supportSWb",
			"from": [1, 0, 14],
			"to": [2, 15, 15],
			"faces": {
				"north": {"uv": [2, 0, 3, 15], "texture": "#legs"},
				"east": {"uv": [3, 0, 4, 15], "texture": "#legs"},
				"south": {"uv": [0, 0, 1, 15], "texture": "#legs"},
				"west": {"uv": [1, 0, 2, 15], "texture": "#legs"},
				"down": {"uv": [0, 0, 1, 1], "texture": "#legs", "cullface": "down"}
			}
		},
		{
			"name": "shelfBL",
			"from": [0, 7, 0],
			"to": [16, 8, 16],
			"faces": {
				"north": {"uv": [0, 0, 16, 1], "rotation": 180, "texture": "#shelf", "cullface": "north"},
				"east": {"uv": [15, 0, 16, 16], "rotation": 90, "texture": "#shelf", "cullface": "east"},
				"south": {"uv": [0, 15, 16, 16], "texture": "#shelf", "cullface": "south"},
				"west": {"uv": [0, 0, 1, 16], "rotation": 270, "texture": "#shelf", "cullface": "west"},
				"up": {"uv": [0, 0, 16, 16], "texture": "#shelf"},
				"down": {"uv": [16, 0, 0, 16], "rotation": 180, "texture": "#shelf"}
			}
		},
		{
			"name": "shelfTL",
			"from": [0, 15, 0],
			"to": [16, 16, 16],
			"faces": {
				"north": {"uv": [0, 0, 16, 1], "rotation": 180, "texture": "#shelf", "cullface": "north"},
				"east": {"uv": [15, 0, 16, 16], "rotation": 90, "texture": "#shelf", "cullface": "east"},
				"south": {"uv": [0, 15, 16, 16], "texture": "#shelf", "cullface": "south"},
				"west": {"uv": [0, 0, 1, 16], "rotation": 270, "texture": "#shelf", "cullface": "west"},
				"up": {"uv": [0, 0, 16, 16], "texture": "#shelf", "cullface": "up"},
				"down": {"uv": [16, 0, 0, 16], "rotation": 180, "texture": "#shelf"}
			}
		}
	]
}