{
	"credit": "Made with Blockbench",
	"parent": "block/block",
	"textures": {
		"bottom": "block/cauldron_inner",
		"dye": "minecolonies:blocks/dyer_hut_top",
		"particle": "minecolonies:blocks/dyer_hut_front",
		"front": "minecolonies:blocks/dyer_hut_front",
		"side": "block/cauldron_side",
		"stick": "minecolonies:blocks/dyer_hut_stick",
		"top": "block/cauldron_top"
	},
	"elements": [
		{
			"name": "leg",
			"from": [0, 0, 12],
			"to": [4, 2, 16],
			"rotation": {"angle": 0, "axis": "y", "origin": [8, 8, 8]},
			"faces": {
				"north": {"uv": [12, 14, 16, 16], "texture": "#side"},
				"east": {"uv": [0, 14, 4, 16], "texture": "#side"},
				"south": {"uv": [0, 14, 4, 16], "texture": "#side", "cullface": "south"},
				"west": {"uv": [12, 14, 16, 16], "texture": "#side", "cullface": "west"},
				"down": {"uv": [0, 12, 4, 16], "rotation": 90, "texture": "#bottom", "cullface": "down"}
			}
		},
		{
			"name": "leg",
			"from": [0, 0, 0],
			"to": [4, 2, 4],
			"rotation": {"angle": 0, "axis": "y", "origin": [8, 8, 8]},
			"faces": {
				"north": {"uv": [12, 14, 16, 16], "texture": "#side", "cullface": "north"},
				"east": {"uv": [12, 14, 16, 16], "texture": "#side"},
				"south": {"uv": [0, 14, 4, 16], "texture": "#side"},
				"west": {"uv": [0, 14, 4, 16], "texture": "#side", "cullface": "west"},
				"down": {"uv": [12, 12, 16, 16], "rotation": 90, "texture": "#bottom", "cullface": "down"}
			}
		},
		{
			"name": "leg",
			"from": [12, 0, 0],
			"to": [16, 2, 4],
			"rotation": {"angle": 0, "axis": "y", "origin": [8, 8, 8]},
			"faces": {
				"north": {"uv": [0, 14, 4, 16], "texture": "#side", "cullface": "north"},
				"east": {"uv": [12, 14, 16, 16], "texture": "#side", "cullface": "east"},
				"south": {"uv": [12, 14, 16, 16], "texture": "#side"},
				"west": {"uv": [0, 14, 4, 16], "texture": "#side"},
				"down": {"uv": [12, 0, 16, 4], "rotation": 90, "texture": "#bottom", "cullface": "down"}
			}
		},
		{
			"name": "leg",
			"from": [12, 0, 12],
			"to": [16, 2, 16],
			"rotation": {"angle": 0, "axis": "y", "origin": [8, 8, 8]},
			"faces": {
				"north": {"uv": [0, 14, 4, 16], "texture": "#side"},
				"east": {"uv": [0, 14, 4, 16], "texture": "#side", "cullface": "east"},
				"south": {"uv": [12, 14, 16, 16], "texture": "#side", "cullface": "south"},
				"west": {"uv": [12, 14, 16, 16], "texture": "#side"},
				"down": {"uv": [0, 0, 4, 4], "rotation": 90, "texture": "#bottom", "cullface": "down"}
			}
		},
		{
			"name": "bottom",
			"from": [0, 2, 0],
			"to": [16, 4, 16],
			"rotation": {"angle": 0, "axis": "y", "origin": [8, 8, 8]},
			"faces": {
				"down": {"uv": [0, 0, 16, 16], "rotation": 90, "texture": "#bottom"}
			}
		},
		{
			"name": "north",
			"from": [0, 3, 5],
			"to": [2, 15, 11],
			"rotation": {"angle": 0, "axis": "y", "origin": [8, 8, 8]},
			"faces": {
				"east": {"uv": [5, 1, 11, 13], "texture": "#front"},
				"west": {"uv": [5, 1, 11, 13], "texture": "#front", "cullface": "west"}
			}
		},
		{
			"name": "north",
			"from": [0, 2, 5],
			"to": [2, 3, 11],
			"rotation": {"angle": 0, "axis": "y", "origin": [8, 8, 8]},
			"faces": {
				"west": {"uv": [5, 13, 11, 14], "texture": "#side", "cullface": "west"}
			}
		},
		{
			"name": "north",
			"from": [0, 15, 5],
			"to": [2, 16, 11],
			"rotation": {"angle": 0, "axis": "y", "origin": [8, 8, 8]},
			"faces": {
				"east": {"uv": [5, 0, 11, 1], "texture": "#side"},
				"west": {"uv": [5, 0, 11, 1], "texture": "#side", "cullface": "west"},
				"up": {"uv": [5, 0, 11, 2], "rotation": 270, "texture": "#top", "cullface": "up"}
			}
		},
		{
			"name": "north",
			"from": [0, 2, 11],
			"to": [2, 16, 14],
			"rotation": {"angle": 0, "axis": "y", "origin": [8, 8, 8]},
			"faces": {
				"east": {"uv": [2, 0, 5, 14], "texture": "#side"},
				"west": {"uv": [11, 0, 14, 14], "texture": "#side", "cullface": "west"},
				"up": {"uv": [11, 0, 14, 2], "rotation": 270, "texture": "#top", "cullface": "up"}
			}
		},
		{
			"name": "north",
			"from": [0, 2, 2],
			"to": [2, 16, 5],
			"rotation": {"angle": 0, "axis": "y", "origin": [8, 8, 8]},
			"faces": {
				"east": {"uv": [11, 0, 14, 14], "texture": "#side"},
				"west": {"uv": [2, 0, 5, 14], "texture": "#side", "cullface": "west"},
				"up": {"uv": [2, 0, 5, 2], "rotation": 270, "texture": "#top", "cullface": "up"}
			}
		},
		{
			"name": "south",
			"from": [14, 2, 2],
			"to": [16, 16, 14],
			"rotation": {"angle": 0, "axis": "y", "origin": [8, 8, 8]},
			"faces": {
				"east": {"uv": [2, 0, 14, 14], "texture": "#side", "cullface": "east"},
				"west": {"uv": [2, 0, 14, 14], "texture": "#side"},
				"up": {"uv": [2, 14, 14, 16], "rotation": 270, "texture": "#top", "cullface": "up"}
			}
		},
		{
			"name": "east",
			"from": [0, 2, 0],
			"to": [16, 16, 2],
			"rotation": {"angle": 0, "axis": "y", "origin": [8, 8, 8]},
			"faces": {
				"north": {"uv": [0, 0, 16, 14], "texture": "#side", "cullface": "north"},
				"east": {"uv": [14, 0, 16, 14], "texture": "#side", "cullface": "east"},
				"south": {"uv": [0, 0, 16, 14], "texture": "#side"},
				"west": {"uv": [0, 0, 2, 14], "texture": "#side", "cullface": "west"},
				"up": {"uv": [14, 0, 16, 16], "rotation": 270, "texture": "#top", "cullface": "up"}
			}
		},
		{
			"name": "west",
			"from": [0, 2, 14],
			"to": [16, 16, 16],
			"rotation": {"angle": 0, "axis": "y", "origin": [8, 8, 8]},
			"faces": {
				"north": {"uv": [0, 0, 16, 14], "texture": "#side"},
				"east": {"uv": [0, 0, 2, 14], "texture": "#side", "cullface": "east"},
				"south": {"uv": [0, 0, 16, 14], "texture": "#side", "cullface": "south"},
				"west": {"uv": [14, 0, 16, 14], "texture": "#side", "cullface": "west"},
				"up": {"uv": [0, 0, 2, 16], "rotation": 270, "texture": "#top", "cullface": "up"}
			}
		},
		{
			"name": "concrete",
			"from": [2, 6, 2],
			"to": [14, 14, 14],
			"rotation": {"angle": 0, "axis": "y", "origin": [8, 8, 8]},
			"faces": {
				"up": {"uv": [2, 2, 14, 14], "rotation": 270, "texture": "#dye"}
			}
		},
		{
			"name": "stick",
			"from": [7, 6, 10.85],
			"to": [9, 22, 12.85],
			"rotation": {"angle": 22.5, "axis": "x", "origin": [8, 14, 9]},
			"faces": {
				"north": {"uv": [0, 0, 2, 16], "texture": "#stick"},
				"east": {"uv": [2, 0, 0, 16], "texture": "#stick"},
				"south": {"uv": [0, 0, 2, 16], "texture": "#stick"},
				"west": {"uv": [0, 0, 2, 16], "texture": "#stick"},
				"up": {"uv": [0, 0, 2, 2], "rotation": 90, "texture": "#stick", "cullface": "up"}
			}
		}
	],
	"display": {
		"thirdperson_righthand": {
			"rotation": [75, -45, 0],
			"translation": [0, 2.5, 0],
			"scale": [0.375, 0.375, 0.375]
		},
		"thirdperson_lefthand": {
			"rotation": [75, 135, 0],
			"translation": [0, 2.5, 0],
			"scale": [0.375, 0.375, 0.375]
		},
		"firstperson_righthand": {
			"rotation": [0, 45, 0],
			"scale": [0.4, 0.4, 0.4]
		},
		"firstperson_lefthand": {
			"rotation": [0, 225, 0],
			"scale": [0.4, 0.4, 0.4]
		},
		"ground": {
			"translation": [0, 3, 0],
			"scale": [0.25, 0.25, 0.25]
		},
		"gui": {
			"rotation": [30, 135, 0],
			"scale": [0.625, 0.625, 0.625]
		},
		"head": {
			"rotation": [0, -90, 0]
		},
		"fixed": {
			"rotation": [0, -90, 0],
			"scale": [0.5, 0.5, 0.5]
		}
	}
}