{
	"credit": "Made with Blockbench",
	"ambientocclusion": false,
	"parent": "minecolonies:block/blockpostbox",
	"textures": {
		"legs": "block/stone",
		"particle": "minecolonies:blocks/hut_base_side",
		"shelf": "minecolonies:blocks/hut_base_side",
		"shelf_left": "minecolonies:blocks/double_rack_left",
		"shelf_right": "minecolonies:blocks/double_rack_right"
	},
	"elements": [
		{
			"name": "supportNWb",
			"from": [1, 0, 1],
			"to": [2, 15, 2],
			"faces": {
				"north": {"uv": [10, 1, 11, 16], "texture": "#legs"},
				"east": {"uv": [2, 0, 3, 15], "texture": "#legs"},
				"south": {"uv": [15, 0, 16, 15], "texture": "#legs"},
				"west": {"uv": [7, 0, 8, 15], "texture": "#legs"},
				"down": {"uv": [0, 0, 1, 1], "texture": "#legs", "cullface": "down"}
			}
		},
		{
			"name": "supportSWb",
			"from": [1, 0, 14],
			"to": [2, 15, 15],
			"faces": {
				"north": {"uv": [2, 0, 3, 15], "texture": "#legs"},
				"east": {"uv": [3, 0, 4, 15], "texture": "#legs"},
				"south": {"uv": [0, 0, 1, 15], "texture": "#legs"},
				"west": {"uv": [1, 0, 2, 15], "texture": "#legs"},
				"down": {"uv": [0, 0, 1, 1], "texture": "#legs", "cullface": "down"}
			}
		},
		{
			"name": "shelfBL",
			"from": [0, 7, 0],
			"to": [16, 8, 16],
			"faces": {
				"north": {"uv": [0, 0, 16, 1], "rotation": 180, "texture": "#shelf", "cullface": "north"},
				"south": {"uv": [0, 15, 16, 16], "texture": "#shelf", "cullface": "south"},
				"west": {"uv": [0, 0, 1, 16], "rotation": 270, "texture": "#shelf", "cullface": "west"},
				"up": {"uv": [0, 0, 16, 16], "texture": "#shelf_right"},
				"down": {"uv": [16, 0, 0, 16], "rotation": 180, "texture": "#shelf_right"}
			}
		},
		{
			"name": "shelfTL",
			"from": [0, 15, 0],
			"to": [16, 16, 16],
			"faces": {
				"north": {"uv": [0, 0, 16, 1], "rotation": 180, "texture": "#shelf", "cullface": "north"},
				"south": {"uv": [0, 15, 16, 16], "texture": "#shelf", "cullface": "south"},
				"west": {"uv": [0, 0, 1, 16], "rotation": 270, "texture": "#shelf", "cullface": "west"},
				"up": {"uv": [0, 0, 16, 16], "texture": "#shelf_right", "cullface": "up"},
				"down": {"uv": [16, 0, 0, 16], "rotation": 180, "texture": "#shelf_right"}
			}
		},
		{
			"name": "supportNM",
			"from": [30, 0, 1],
			"to": [31, 15, 2],
			"faces": {
				"north": {"uv": [4, 1, 5, 16], "texture": "#legs", "cullface": "east"},
				"east": {"uv": [7, 1, 8, 16], "texture": "#legs", "cullface": "east"},
				"south": {"uv": [14, 0, 15, 15], "texture": "#legs", "cullface": "east"},
				"west": {"uv": [1, 0, 2, 15], "texture": "#legs", "cullface": "east"},
				"down": {"uv": [0, 0, 1, 1], "texture": "#legs", "cullface": "down"}
			}
		},
		{
			"name": "supportSM",
			"from": [30, 0, 14],
			"to": [31, 15, 15],
			"faces": {
				"north": {"uv": [6, 0, 7, 15], "texture": "#legs", "cullface": "east"},
				"east": {"uv": [7, 0, 8, 15], "texture": "#legs", "cullface": "east"},
				"south": {"uv": [4, 0, 5, 15], "texture": "#legs", "cullface": "east"},
				"west": {"uv": [5, 0, 6, 15], "texture": "#legs", "cullface": "east"},
				"down": {"uv": [0, 0, 1, 1], "texture": "#legs", "cullface": "down"}
			}
		},
		{
			"name": "shelfBL",
			"from": [16, 7, 0],
			"to": [32, 8, 16],
			"faces": {
				"north": {"uv": [0, 0, 16, 1], "rotation": 180, "texture": "#shelf", "cullface": "north"},
				"east": {"uv": [15, 0, 16, 16], "rotation": 90, "texture": "#shelf", "cullface": "east"},
				"south": {"uv": [0, 15, 16, 16], "texture": "#shelf", "cullface": "east"},
				"up": {"uv": [0, 0, 16, 16], "texture": "#shelf_left", "cullface": "east"},
				"down": {"uv": [16, 0, 0, 16], "rotation": 180, "texture": "#shelf_left", "cullface": "east"}
			}
		},
		{
			"name": "shelfTL",
			"from": [16, 15, 0],
			"to": [32, 16, 16],
			"faces": {
				"north": {"uv": [0, 0, 16, 1], "rotation": 180, "texture": "#shelf", "cullface": "north"},
				"east": {"uv": [15, 0, 16, 16], "rotation": 90, "texture": "#shelf", "cullface": "east"},
				"south": {"uv": [0, 15, 16, 16], "texture": "#shelf", "cullface": "east"},
				"up": {"uv": [0, 0, 16, 16], "texture": "#shelf_left", "cullface": "east"},
				"down": {"uv": [16, 0, 0, 16], "rotation": 180, "texture": "#shelf_left", "cullface": "east"}
			}
		}
	],
	"display": {
		"thirdperson_righthand": {
			"rotation": [75, 45, 0],
			"translation": [0, 2.5, 0],
			"scale": [0.375, 0.375, 0.375]
		},
		"thirdperson_lefthand": {
			"rotation": [75, 45, 0],
			"translation": [0, 2.5, 0],
			"scale": [0.375, 0.375, 0.375]
		},
		"firstperson_righthand": {
			"rotation": [0, 45, 0],
			"scale": [0.4, 0.4, 0.4]
		},
		"firstperson_lefthand": {
			"rotation": [0, 225, 0],
			"scale": [0.4, 0.4, 0.4]
		},
		"ground": {
			"translation": [0, 3, 0],
			"scale": [0.25, 0.25, 0.25]
		},
		"gui": {
			"rotation": [30, 225, 0],
			"scale": [0.625, 0.625, 0.625]
		},
		"fixed": {
			"scale": [0.5, 0.5, 0.5]
		}
	},
	"groups": [
		{
			"name": "blockrackempty",
			"origin": [8, 8, 8],
			"color": 0,
			"children": [0, 1, 2, 3]
		},
		{
			"name": "blockrackempty",
			"origin": [8, 8, 8],
			"color": 0,
			"children": [4, 5, 6, 7]
		}
	]
}