{
	"credit": "Made with Blockbench",
	"parent": "block/block",
	"textures": {
		"back": "minecolonies:blocks/restaurant_hut_back",
		"bottom": "minecolonies:blocks/restaurant_hut_bottom",
		"particle": "minecolonies:blocks/restaurant_hut_front",
		"front": "minecolonies:blocks/restaurant_hut_front",
		"side": "minecolonies:blocks/restaurant_hut_side",
		"top": "minecolonies:blocks/restaurant_hut_top"
	},
	"elements": [
		{
			"name": "main",
			"from": [0, 2, 0],
			"to": [16, 16, 16],
			"rotation": {"angle": 0, "axis": "y", "origin": [8, 8, 8]},
			"faces": {
				"north": {"uv": [0, 0, 16, 14], "texture": "#side", "cullface": "north"},
				"east": {"uv": [0, 0, 16, 14], "texture": "#back", "cullface": "east"},
				"south": {"uv": [0, 0, 16, 14], "texture": "#side", "cullface": "south"},
				"west": {"uv": [0, 0, 16, 14], "texture": "#front", "cullface": "west"},
				"up": {"uv": [16, 0, 0, 16], "texture": "#top", "cullface": "up"}
			}
		},
		{
			"name": "bottom",
			"from": [0, 2, 0],
			"to": [16, 4, 16],
			"rotation": {"angle": 0, "axis": "y", "origin": [8, 8, 8]},
			"faces": {
				"down": {"uv": [0, 0, 16, 16], "texture": "#bottom"}
			}
		},
		{
			"name": "leg",
			"from": [0, 0, 0],
			"to": [4, 2, 4],
			"rotation": {"angle": 0, "axis": "y", "origin": [8, 8, 8]},
			"faces": {
				"north": {"uv": [12, 14, 16, 16], "texture": "#side", "cullface": "north"},
				"east": {"uv": [12, 14, 16, 16], "texture": "#side"},
				"south": {"uv": [0, 14, 4, 16], "texture": "#side"},
				"west": {"uv": [0, 14, 4, 16], "texture": "#front", "cullface": "west"},
				"down": {"uv": [0, 12, 4, 16], "texture": "#bottom", "cullface": "down"}
			}
		},
		{
			"name": "leg",
			"from": [12, 0, 0],
			"to": [16, 2, 4],
			"rotation": {"angle": 0, "axis": "y", "origin": [8, 8, 8]},
			"faces": {
				"north": {"uv": [0, 14, 4, 16], "texture": "#side", "cullface": "north"},
				"east": {"uv": [12, 14, 16, 16], "texture": "#back", "cullface": "east"},
				"south": {"uv": [12, 14, 16, 16], "texture": "#side"},
				"west": {"uv": [0, 14, 4, 16], "texture": "#side"},
				"down": {"uv": [12, 12, 16, 16], "texture": "#bottom", "cullface": "down"}
			}
		},
		{
			"name": "leg",
			"from": [12, 0, 12],
			"to": [16, 2, 16],
			"rotation": {"angle": 0, "axis": "y", "origin": [8, 8, 8]},
			"faces": {
				"north": {"uv": [0, 14, 4, 16], "texture": "#side"},
				"east": {"uv": [0, 14, 4, 16], "texture": "#back", "cullface": "east"},
				"south": {"uv": [12, 14, 16, 16], "texture": "#side", "cullface": "south"},
				"west": {"uv": [12, 14, 16, 16], "texture": "#side"},
				"down": {"uv": [12, 0, 16, 4], "texture": "#bottom", "cullface": "down"}
			}
		},
		{
			"name": "leg",
			"from": [0, 0, 12],
			"to": [4, 2, 16],
			"rotation": {"angle": 0, "axis": "y", "origin": [8, 8, 8]},
			"faces": {
				"north": {"uv": [12, 14, 16, 16], "texture": "#side"},
				"east": {"uv": [0, 14, 4, 16], "texture": "#side"},
				"south": {"uv": [0, 14, 4, 16], "texture": "#side", "cullface": "south"},
				"west": {"uv": [12, 14, 16, 16], "texture": "#front", "cullface": "west"},
				"down": {"uv": [0, 0, 4, 4], "texture": "#bottom", "cullface": "down"}
			}
		}
	],
	"display": {
		"thirdperson_righthand": {
			"rotation": [75, -45, 0],
			"translation": [0, 2.5, 0],
			"scale": [0.375, 0.375, 0.375]
		},
		"thirdperson_lefthand": {
			"rotation": [75, 135, 0],
			"translation": [0, 2.5, 0],
			"scale": [0.375, 0.375, 0.375]
		},
		"firstperson_righthand": {
			"rotation": [0, 45, 0],
			"scale": [0.4, 0.4, 0.4]
		},
		"firstperson_lefthand": {
			"rotation": [0, 225, 0],
			"scale": [0.4, 0.4, 0.4]
		},
		"ground": {
			"translation": [0, 3, 0],
			"scale": [0.25, 0.25, 0.25]
		},
		"gui": {
			"rotation": [30, 135, 0],
			"scale": [0.625, 0.625, 0.625]
		},
		"head": {
			"rotation": [0, -90, 0]
		},
		"fixed": {
			"rotation": [0, -90, 0],
			"scale": [0.5, 0.5, 0.5]
		}
	}
}