{
	"credit": "Made with Blockbench",
	"parent": "block/cube",
	"textures": {
		"bottom": "minecolonies:blocks/hut_base_top",
		"particle": "minecolonies:blocks/stonemason_hut_front",
		"front": "minecolonies:blocks/stonemason_hut_front",
		"saw": "block/stonecutter_saw",
		"side": "minecolonies:blocks/stonemason_hut_side",
		"top": "minecolonies:blocks/stonemason_hut_top"
	},
	"display": {
		"thirdperson_righthand": {
			"rotation": [75, 135, 0],
			"translation": [0, 2.5, 0],
			"scale": [0.375, 0.375, 0.375]
		},
		"thirdperson_lefthand": {
			"rotation": [75, 135, 0],
			"translation": [0, 2.5, 0],
			"scale": [0.375, 0.375, 0.375]
		},
		"firstperson_righthand": {
			"rotation": [0, 45, 0],
			"scale": [0.4, 0.4, 0.4]
		},
		"firstperson_lefthand": {
			"rotation": [0, 45, 0],
			"scale": [0.4, 0.4, 0.4]
		},
		"ground": {
			"translation": [0, 3, 0],
			"scale": [0.25, 0.25, 0.25]
		},
		"gui": {
			"rotation": [30, 135, 0],
			"scale": [0.625, 0.625, 0.625]
		},
		"head": {
			"rotation": [0, 90, 0]
		},
		"fixed": {
			"rotation": [0, 90, 0],
			"translation": [0, 0, -0.25],
			"scale": [0.5, 0.5, 0.5]
		}
	},
	"groups": [
		{
			"name": "cutout",
			"origin": [8, 24, 8],
			"color": 0,
			"children": [0]
		},
		{
			"name": "solid",
			"origin": [8, 24, 8],
			"color": 0,
			"children": [1]
		}
	],
	"loader": "forge:multi-layer",
	"layers": {
		"solid": {
			"parent": "block/cube",
			"textures": {
				"bottom": "minecolonies:blocks/hut_base_top",
				"particle": "minecolonies:blocks/stonemason_hut_front",
				"front": "minecolonies:blocks/stonemason_hut_front",
				"saw": "block/stonecutter_saw",
				"side": "minecolonies:blocks/stonemason_hut_side",
				"top": "minecolonies:blocks/stonemason_hut_top"
			},
			"elements": [
				{
					"name": "main",
					"from": [0, 0, 0],
					"to": [16, 16, 16],
					"rotation": {"angle": 0, "axis": "y", "origin": [8, 24, 8]},
					"faces": {
						"north": {"uv": [0, 0, 16, 16], "texture": "#side", "cullface": "north"},
						"east": {"uv": [0, 0, 16, 16], "texture": "#front", "cullface": "east"},
						"south": {"uv": [0, 0, 16, 16], "texture": "#side", "cullface": "south"},
						"west": {"uv": [0, 0, 16, 16], "texture": "#front", "cullface": "west"},
						"up": {"uv": [0, 0, 16, 16], "rotation": 90, "texture": "#top", "cullface": "up"},
						"down": {"uv": [0, 0, 16, 16], "rotation": 270, "texture": "#bottom", "cullface": "down"}
					}
				}
			]
		},
		"translucent": {
			"parent": "block/cube",
			"textures": {
				"bottom": "minecolonies:blocks/hut_base_top",
				"particle": "minecolonies:blocks/stonemason_hut_front",
				"front": "minecolonies:blocks/stonemason_hut_front",
				"saw": "block/stonecutter_saw",
				"side": "minecolonies:blocks/stonemason_hut_side",
				"top": "minecolonies:blocks/stonemason_hut_top"
			},
			"elements": [
				{
					"name": "saw",
					"from": [8, 16, 0],
					"to": [8, 32, 16],
					"rotation": {"angle": 0, "axis": "y", "origin": [8, 24, 8]},
					"faces": {
						"east": {"uv": [0, 0, 16, 16], "texture": "#saw", "cullface": "up"},
						"west": {"uv": [0, 0, 16, 16], "texture": "#saw", "cullface": "up"}
					}
				}
			]
		}
	}
}