{
	"credit": "Made with Blockbench",
	"parent": "block/block",
	"ambientocclusion": false,
	"textures": {
		"tape": "block/white_wool",
		"particle": "minecolonies:blocks/construction_tape_wood",
		"post": "minecolonies:blocks/construction_tape_wood"
	},
	"elements": [
		{
			"name": "center",
			"from": [7, 13, 7],
			"to": [9, 14, 9],
			"faces": {
				"east": {"uv": [6, 2, 8, 3], "texture": "#tape"},
				"west": {"uv": [0, 0, 2, 1], "texture": "#tape"},
				"up": {"uv": [8, 4, 10, 6], "texture": "#tape"},
				"down": {"uv": [0, 0, 2, 2], "texture": "#tape"}
			}
		},
		{
			"name": "post",
			"from": [6, 0, 0],
			"to": [10, 16, 1],
			"faces": {
				"north": {"uv": [1, 0, 5, 16], "texture": "#post"},
				"east": {"uv": [5, 0, 6, 16], "texture": "#post"},
				"south": {"uv": [6, 0, 10, 16], "texture": "#post"},
				"west": {"uv": [10, 0, 11, 16], "texture": "#post"},
				"up": {"uv": [8, 5, 12, 6], "texture": "#post"},
				"down": {"uv": [9, 13, 13, 14], "texture": "#post"}
			}
		},
		{
			"name": "chain_outer",
			"from": [7, 14, 1],
			"to": [9, 15, 4],
			"faces": {
				"east": {"uv": [1, 1, 4, 2], "texture": "#tape"},
				"south": {"uv": [3, 2, 5, 3], "texture": "#tape"},
				"west": {"uv": [1, 1, 4, 2], "texture": "#tape"},
				"up": {"uv": [11, 3, 13, 6], "texture": "#tape"},
				"down": {"uv": [3, 2, 5, 5], "rotation": 180, "texture": "#tape"}
			}
		},
		{
			"name": "chain_mid",
			"from": [7, 13, 4],
			"to": [9, 14, 7],
			"faces": {
				"north": {"uv": [6, 3, 8, 4], "texture": "#tape"},
				"east": {"uv": [4, 2, 7, 3], "texture": "#tape"},
				"west": {"uv": [4, 2, 7, 3], "texture": "#tape"},
				"up": {"uv": [5, 7, 7, 10], "rotation": 180, "texture": "#tape"},
				"down": {"uv": [1, 5, 3, 8], "rotation": 180, "texture": "#tape"}
			}
		},
		{
			"name": "post",
			"from": [6, 0, 15],
			"to": [10, 16, 16],
			"rotation": {"angle": 0, "axis": "y", "origin": [8, 0, 8]},
			"faces": {
				"north": {"uv": [6, 0, 10, 16], "texture": "#post"},
				"east": {"uv": [10, 0, 11, 16], "texture": "#post"},
				"south": {"uv": [1, 0, 5, 16], "texture": "#post"},
				"west": {"uv": [5, 0, 6, 16], "texture": "#post"},
				"up": {"uv": [8, 5, 12, 6], "rotation": 180, "texture": "#post"},
				"down": {"uv": [9, 13, 13, 14], "rotation": 180, "texture": "#post"}
			}
		},
		{
			"name": "chain_outer",
			"from": [7, 14, 12],
			"to": [9, 15, 15],
			"rotation": {"angle": 0, "axis": "y", "origin": [8, 0, 8]},
			"faces": {
				"north": {"uv": [3, 2, 5, 3], "texture": "#tape"},
				"east": {"uv": [1, 1, 4, 2], "texture": "#tape"},
				"west": {"uv": [1, 1, 4, 2], "texture": "#tape"},
				"up": {"uv": [11, 3, 13, 6], "rotation": 180, "texture": "#tape"},
				"down": {"uv": [3, 2, 5, 5], "texture": "#tape"}
			}
		},
		{
			"name": "chain_mid",
			"from": [7, 13, 9],
			"to": [9, 14, 12],
			"rotation": {"angle": 0, "axis": "y", "origin": [8, 0, 8]},
			"faces": {
				"east": {"uv": [4, 2, 7, 3], "texture": "#tape"},
				"south": {"uv": [6, 3, 8, 4], "texture": "#tape"},
				"west": {"uv": [4, 2, 7, 3], "texture": "#tape"},
				"up": {"uv": [5, 7, 7, 10], "texture": "#tape"},
				"down": {"uv": [1, 5, 3, 8], "texture": "#tape"}
			}
		}
	],
	"display": {
		"thirdperson_righthand": {
			"rotation": [75, 45, 0],
			"translation": [0, 2.5, 0],
			"scale": [0.375, 0.375, 0.375]
		},
		"thirdperson_lefthand": {
			"rotation": [75, 45, 0],
			"translation": [0, 2.5, 0],
			"scale": [0.375, 0.375, 0.375]
		},
		"firstperson_righthand": {
			"rotation": [0, 45, 0],
			"scale": [0.4, 0.4, 0.4]
		},
		"firstperson_lefthand": {
			"rotation": [0, 225, 0],
			"scale": [0.4, 0.4, 0.4]
		},
		"ground": {
			"translation": [0, 3, 0],
			"scale": [0.25, 0.25, 0.25]
		},
		"gui": {
			"rotation": [30, 225, 0],
			"scale": [0.625, 0.625, 0.625]
		},
		"head": {
			"rotation": [0, 90, 0],
			"translation": [0, 1.5, 0]
		},
		"fixed": {
			"rotation": [0, 90, 0],
			"scale": [0.5, 0.5, 0.5]
		}
	},
	"groups": [
		{
			"name": "blockconstructiontape_center",
			"origin": [8, 8, 8],
			"children": [0]
		},
		{
			"name": "blockconstructiontape",
			"origin": [8, 8, 8],
			"children": [1, 2, 3]
		},
		{
			"name": "blockconstructiontape",
			"origin": [8, 8, 8],
			"children": [4, 5, 6]
		}
	]
}