{
	"credit": "Made with Blockbench",
	"parent": "minecraft:block/block",
	"textures": {
		"back": "minecolonies:blocks/miner_hut_back",
		"bottom": "minecolonies:blocks/miner_hut_bottom",
		"cobblestone": "block/cobbled_deepslate",
		"front": "minecolonies:blocks/miner_hut_front",
		"granite": "block/granite",
		"shelf": "minecolonies:blocks/miner_hut_shelf",
		"side": "minecolonies:blocks/miner_hut_side",
		"particle": "minecolonies:blocks/miner_hut_top",
		"top": "minecolonies:blocks/miner_hut_top"
	},
	"elements": [
		{
			"name": "top",
			"from": [0, 11, 0],
			"to": [16, 16, 16],
			"faces": {
				"north": {"uv": [0, 0, 16, 5], "texture": "#front", "cullface": "north"},
				"east": {"uv": [0, 0, 16, 5], "texture": "#side", "cullface": "east"},
				"south": {"uv": [0, 0, 16, 5], "texture": "#back", "cullface": "south"},
				"west": {"uv": [16, 0, 0, 5], "texture": "#side", "cullface": "west"},
				"up": {"uv": [0, 0, 16, 16], "rotation": 180, "texture": "#top", "cullface": "up"},
				"down": {"uv": [0, 0, 16, 16], "texture": "#bottom"}
			}
		},
		{
			"name": "leg",
			"from": [0, 0, 0],
			"to": [4, 11, 4],
			"faces": {
				"north": {"uv": [12, 5, 16, 16], "texture": "#front", "cullface": "north"},
				"east": {"uv": [12, 5, 16, 16], "texture": "#side"},
				"south": {"uv": [0, 5, 4, 16], "texture": "#back"},
				"west": {"uv": [0, 5, 4, 16], "texture": "#side", "cullface": "west"},
				"down": {"uv": [12, 0, 16, 4], "texture": "#bottom", "cullface": "down"}
			}
		},
		{
			"name": "leg",
			"from": [12, 0, 0],
			"to": [16, 11, 4],
			"faces": {
				"north": {"uv": [0, 5, 4, 16], "texture": "#front", "cullface": "north"},
				"east": {"uv": [12, 5, 16, 16], "texture": "#side", "cullface": "east"},
				"south": {"uv": [12, 5, 16, 16], "texture": "#back"},
				"west": {"uv": [0, 5, 4, 16], "texture": "#side"},
				"down": {"uv": [0, 0, 4, 4], "texture": "#bottom", "cullface": "down"}
			}
		},
		{
			"name": "leg",
			"from": [12, 0, 12],
			"to": [16, 11, 16],
			"faces": {
				"north": {"uv": [0, 5, 4, 16], "texture": "#front"},
				"east": {"uv": [0, 5, 4, 16], "texture": "#side", "cullface": "east"},
				"south": {"uv": [12, 5, 16, 16], "texture": "#back", "cullface": "south"},
				"west": {"uv": [12, 5, 16, 16], "texture": "#side"},
				"down": {"uv": [0, 12, 4, 16], "texture": "#bottom", "cullface": "down"}
			}
		},
		{
			"name": "leg",
			"from": [0, 0, 12],
			"to": [4, 11, 16],
			"faces": {
				"north": {"uv": [12, 5, 16, 16], "texture": "#front"},
				"east": {"uv": [0, 5, 4, 16], "texture": "#side"},
				"south": {"uv": [0, 5, 4, 16], "texture": "#back", "cullface": "south"},
				"west": {"uv": [12, 5, 16, 16], "texture": "#side", "cullface": "west"},
				"down": {"uv": [12, 12, 16, 16], "texture": "#bottom", "cullface": "down"}
			}
		},
		{
			"name": "shelf",
			"from": [2, 3, 2],
			"to": [14, 4, 14],
			"faces": {
				"north": {"uv": [14, 2, 2, 3], "texture": "#shelf"},
				"east": {"uv": [13, 2, 14, 14], "rotation": 90, "texture": "#shelf"},
				"south": {"uv": [2, 13, 14, 14], "texture": "#shelf"},
				"west": {"uv": [2, 14, 3, 2], "rotation": 90, "texture": "#shelf"},
				"up": {"uv": [2, 2, 14, 14], "texture": "#shelf"},
				"down": {"uv": [2, 2, 14, 14], "texture": "#shelf"}
			}
		},
		{
			"name": "cobblestone",
			"from": [4, 4, 7],
			"to": [9, 9, 12],
			"rotation": {"angle": 45, "axis": "y", "origin": [6.5, 6.5, 9.5]},
			"faces": {
				"north": {"uv": [3, 7, 8, 12], "texture": "#cobblestone"},
				"east": {"uv": [0, 0, 5, 5], "texture": "#cobblestone"},
				"south": {"uv": [5, 11, 10, 16], "texture": "#cobblestone"},
				"west": {"uv": [7, 5, 12, 10], "texture": "#cobblestone"},
				"up": {"uv": [0, 3, 5, 8], "texture": "#cobblestone"}
			}
		},
		{
			"name": "granite",
			"from": [8, 4, 4],
			"to": [12, 8, 8],
			"faces": {
				"north": {"uv": [4, 4, 8, 8], "texture": "#granite"},
				"east": {"uv": [8, 0, 12, 4], "texture": "#granite"},
				"south": {"uv": [0, 0, 4, 4], "texture": "#granite"},
				"west": {"uv": [4, 0, 8, 4], "texture": "#granite"},
				"up": {"uv": [7, 5, 11, 9], "texture": "#granite"}
			}
		},
		{
			"name": "support",
			"from": [14.01, 0, 4],
			"to": [14.01, 11, 12],
			"faces": {
				"east": {"uv": [4, 5, 12, 16], "texture": "#side"},
				"west": {"uv": [12, 5, 4, 16], "texture": "#side"}
			}
		},
		{
			"name": "support",
			"from": [1.99, 0, 4],
			"to": [1.99, 11, 12],
			"faces": {
				"east": {"uv": [4, 5, 12, 16], "texture": "#side"},
				"west": {"uv": [12, 5, 4, 16], "texture": "#side"}
			}
		},
		{
			"name": "support",
			"from": [4, 0, 14.01],
			"to": [12, 11, 14.01],
			"faces": {
				"north": {"uv": [4, 5, 12, 16], "texture": "#back"},
				"south": {"uv": [4, 5, 12, 16], "texture": "#back"}
			}
		}
	]
}