{
	"credit": "Made with Blockbench",
	"textures": {
		"particle": "minecolonies:blocks/construction_tape_wood",
		"post": "minecolonies:blocks/construction_tape_wood",
		"tape": "block/white_wool"
	},
	"elements": [
		{
			"name": "post",
			"from": [6, 0, 0],
			"to": [10, 16, 1],
			"faces": {
				"north": {"uv": [1, 0, 5, 16], "texture": "#post", "cullface": "north"},
				"east": {"uv": [5, 0, 6, 16], "texture": "#post"},
				"south": {"uv": [6, 0, 10, 16], "texture": "#post"},
				"west": {"uv": [10, 0, 11, 16], "texture": "#post"},
				"up": {"uv": [10, 7, 14, 8], "texture": "#post", "cullface": "up"},
				"down": {"uv": [9, 13, 13, 14], "texture": "#post", "cullface": "down"}
			}
		},
		{
			"name": "chain_outer",
			"from": [7, 14, 1],
			"to": [9, 15, 4],
			"faces": {
				"east": {"uv": [10, 11, 13, 12], "texture": "#tape"},
				"south": {"uv": [3, 2, 5, 3], "texture": "#tape"},
				"west": {"uv": [10, 11, 13, 12], "texture": "#tape"},
				"up": {"uv": [11, 3, 13, 6], "texture": "#tape"},
				"down": {"uv": [3, 2, 5, 5], "rotation": 180, "texture": "#tape"}
			}
		},
		{
			"name": "chain_mid",
			"from": [7, 13, 4],
			"to": [9, 14, 7],
			"faces": {
				"north": {"uv": [6, 3, 8, 4], "texture": "#tape"},
				"east": {"uv": [7, 12, 10, 13], "texture": "#tape"},
				"south": {"uv": [6, 3, 8, 4], "texture": "#tape"},
				"west": {"uv": [7, 12, 10, 13], "texture": "#tape"},
				"up": {"uv": [3, 7, 5, 10], "rotation": 180, "texture": "#tape"},
				"down": {"uv": [1, 5, 3, 8], "rotation": 180, "texture": "#tape"}
			}
		}
	]
}