{
	"credit": "Made with Blockbench",
	"parent": "block/block",
	"textures": {
		"bottom": "minecolonies:blocks/concrete_mixer_hut_bottom",
		"particle": "minecolonies:blocks/concrete_mixer_hut_front",
		"front": "minecolonies:blocks/concrete_mixer_hut_front",
		"side": "minecolonies:blocks/concrete_mixer_hut_side",
		"stick": "minecolonies:blocks/concrete_mixer_hut_stick",
		"top": "minecolonies:blocks/concrete_mixer_hut_top"
	},
	"elements": [
		{
			"name": "leg",
			"from": [0, 0, 0],
			"to": [4, 2, 4],
			"faces": {
				"north": {"uv": [12, 14, 16, 16], "texture": "#side", "cullface": "north"},
				"east": {"uv": [12, 14, 16, 16], "texture": "#side"},
				"south": {"uv": [0, 14, 4, 16], "texture": "#side"},
				"west": {"uv": [0, 14, 4, 16], "texture": "#side", "cullface": "west"},
				"down": {"uv": [12, 0, 16, 4], "texture": "#bottom", "cullface": "down"}
			}
		},
		{
			"name": "leg",
			"from": [12, 0, 0],
			"to": [16, 2, 4],
			"faces": {
				"north": {"uv": [0, 14, 4, 16], "texture": "#side", "cullface": "north"},
				"east": {"uv": [12, 14, 16, 16], "texture": "#side", "cullface": "east"},
				"south": {"uv": [12, 14, 16, 16], "texture": "#side"},
				"west": {"uv": [0, 14, 4, 16], "texture": "#side"},
				"down": {"uv": [0, 0, 4, 4], "texture": "#bottom", "cullface": "down"}
			}
		},
		{
			"name": "leg",
			"from": [12, 0, 12],
			"to": [16, 2, 16],
			"faces": {
				"north": {"uv": [0, 14, 4, 16], "texture": "#side"},
				"east": {"uv": [0, 14, 4, 16], "texture": "#side", "cullface": "east"},
				"south": {"uv": [12, 14, 16, 16], "texture": "#side", "cullface": "south"},
				"west": {"uv": [12, 14, 16, 16], "texture": "#side"},
				"down": {"uv": [0, 12, 4, 16], "texture": "#bottom", "cullface": "down"}
			}
		},
		{
			"name": "leg",
			"from": [0, 0, 12],
			"to": [4, 2, 16],
			"faces": {
				"north": {"uv": [12, 14, 16, 16], "texture": "#side"},
				"east": {"uv": [0, 14, 4, 16], "texture": "#side"},
				"south": {"uv": [0, 14, 4, 16], "texture": "#side", "cullface": "south"},
				"west": {"uv": [12, 14, 16, 16], "texture": "#side", "cullface": "west"},
				"down": {"uv": [12, 12, 16, 16], "texture": "#bottom", "cullface": "down"}
			}
		},
		{
			"name": "bottom",
			"from": [0, 2, 0],
			"to": [16, 4, 16],
			"faces": {
				"down": {"uv": [0, 0, 16, 16], "texture": "#bottom"}
			}
		},
		{
			"name": "north",
			"from": [2, 2, 0],
			"to": [14, 16, 2],
			"faces": {
				"north": {"uv": [2, 0, 14, 14], "texture": "#front", "cullface": "north"},
				"south": {"uv": [2, 0, 14, 14], "texture": "#front"},
				"up": {"uv": [2, 0, 14, 2], "texture": "#top", "cullface": "up"}
			}
		},
		{
			"name": "south",
			"from": [2, 2, 14],
			"to": [14, 16, 16],
			"faces": {
				"north": {"uv": [2, 0, 14, 14], "texture": "#side"},
				"south": {"uv": [2, 0, 14, 14], "texture": "#side", "cullface": "south"},
				"up": {"uv": [2, 14, 14, 16], "texture": "#top", "cullface": "up"}
			}
		},
		{
			"name": "east",
			"from": [14, 2, 0],
			"to": [16, 16, 16],
			"faces": {
				"north": {"uv": [0, 0, 2, 14], "texture": "#front", "cullface": "north"},
				"east": {"uv": [0, 0, 16, 14], "texture": "#side", "cullface": "east"},
				"south": {"uv": [14, 0, 16, 14], "texture": "#side", "cullface": "south"},
				"west": {"uv": [0, 0, 16, 14], "texture": "#side"},
				"up": {"uv": [14, 0, 16, 16], "texture": "#top", "cullface": "up"}
			}
		},
		{
			"name": "west",
			"from": [0, 2, 0],
			"to": [2, 16, 16],
			"faces": {
				"north": {"uv": [14, 0, 16, 14], "texture": "#front", "cullface": "north"},
				"east": {"uv": [0, 0, 16, 14], "texture": "#side"},
				"south": {"uv": [0, 0, 2, 14], "texture": "#side", "cullface": "south"},
				"west": {"uv": [0, 0, 16, 14], "texture": "#side", "cullface": "west"},
				"up": {"uv": [0, 0, 2, 16], "texture": "#top", "cullface": "up"}
			}
		},
		{
			"name": "concrete",
			"from": [2, 6, 2],
			"to": [14, 14, 14],
			"faces": {
				"up": {"uv": [2, 2, 14, 14], "texture": "#top"}
			}
		},
		{
			"name": "stick",
			"from": [3.15, 6, 7],
			"to": [5.15, 22, 9],
			"rotation": {"angle": 22.5, "axis": "z", "origin": [7, 14, 8]},
			"faces": {
				"north": {"uv": [0, 0, 2, 16], "texture": "#stick"},
				"east": {"uv": [0, 0, 2, 16], "texture": "#stick"},
				"south": {"uv": [2, 0, 0, 16], "texture": "#stick"},
				"west": {"uv": [0, 0, 2, 16], "texture": "#stick"},
				"up": {"uv": [0, 0, 2, 2], "rotation": 180, "texture": "#stick", "cullface": "up"}
			}
		}
	],
	"display": {
		"thirdperson_righthand": {
			"rotation": [75, 45, 0],
			"translation": [0, 2.5, 0],
			"scale": [0.375, 0.375, 0.375]
		},
		"thirdperson_lefthand": {
			"rotation": [75, 45, 0],
			"translation": [0, 2.5, 0],
			"scale": [0.375, 0.375, 0.375]
		},
		"firstperson_righthand": {
			"rotation": [0, 135, 0],
			"scale": [0.4, 0.4, 0.4]
		},
		"firstperson_lefthand": {
			"rotation": [0, 135, 0],
			"scale": [0.4, 0.4, 0.4]
		},
		"ground": {
			"translation": [0, 3, 0],
			"scale": [0.25, 0.25, 0.25]
		},
		"gui": {
			"rotation": [30, 225, 0],
			"scale": [0.625, 0.625, 0.625]
		},
		"fixed": {
			"scale": [0.5, 0.5, 0.5]
		}
	}
}