{
	"credit": "Made with Blockbench",
	"ambientocclusion": false,
	"textures": {
		"bottom": "minecolonies:blocks/named_gravestone_bottom",
		"particle": "minecolonies:blocks/named_gravestone_nameplate",
		"nameplate": "minecolonies:blocks/named_gravestone_nameplate",
		"side": "minecolonies:blocks/named_gravestone_side",
		"top": "minecolonies:blocks/named_gravestone_top"
	},
	"elements": [
		{
			"name": "main",
			"from": [1, 0, 1],
			"to": [15, 15, 15],
			"rotation": {"angle": 0, "axis": "y", "origin": [4, -6, 6]},
			"faces": {
				"north": {"uv": [1, 1, 15, 16], "texture": "#side"},
				"east": {"uv": [1, 1, 15, 16], "texture": "#side"},
				"south": {"uv": [1, 1, 15, 16], "texture": "#side"},
				"west": {"uv": [1, 1, 15, 16], "texture": "#side"},
				"up": {"uv": [1, 1, 15, 15], "texture": "#top"},
				"down": {"uv": [1, 1, 15, 15], "texture": "#bottom", "cullface": "down"}
			}
		},
		{
			"name": "nameplate",
			"from": [3, 20, 7],
			"to": [13, 21, 8],
			"rotation": {"angle": 0, "axis": "y", "origin": [-2, 9, 4]},
			"faces": {
				"north": {"uv": [3, 1, 13, 2], "texture": "#side", "cullface": "up"},
				"up": {"uv": [3, 8, 13, 9], "texture": "#top", "cullface": "up"},
				"down": {"uv": [3, 15, 13, 16], "texture": "#side", "cullface": "up"}
			}
		},
		{
			"name": "nameplate",
			"from": [13, 15, 7],
			"to": [14, 21, 8],
			"rotation": {"angle": 0, "axis": "y", "origin": [4, 9, 4]},
			"faces": {
				"north": {"uv": [1, 1, 2, 7], "texture": "#side"},
				"east": {"uv": [14, 1, 15, 7], "texture": "#side"},
				"west": {"uv": [1, 1, 2, 7], "texture": "#side"},
				"up": {"uv": [1, 8, 2, 9], "rotation": 90, "texture": "#top", "cullface": "up"}
			}
		},
		{
			"name": "nameplate",
			"from": [2, 15, 7],
			"to": [3, 21, 8],
			"rotation": {"angle": 0, "axis": "y", "origin": [-7, 9, 4]},
			"faces": {
				"north": {"uv": [14, 1, 15, 7], "texture": "#side"},
				"east": {"uv": [14, 1, 15, 7], "texture": "#side"},
				"west": {"uv": [1, 1, 2, 7], "texture": "#side"},
				"up": {"uv": [14, 8, 15, 9], "rotation": 90, "texture": "#top", "cullface": "up"}
			}
		},
		{
			"name": "nameplate",
			"from": [2, 15, 8],
			"to": [14, 21, 9],
			"rotation": {"angle": 0, "axis": "y", "origin": [4, 9, 5]},
			"faces": {
				"north": {"uv": [2, 1, 14, 7], "texture": "#nameplate"},
				"east": {"uv": [1, 1, 2, 7], "texture": "#side"},
				"south": {"uv": [2, 1, 14, 7], "texture": "#nameplate"},
				"west": {"uv": [14, 1, 15, 7], "texture": "#side"},
				"up": {"uv": [2, 7, 14, 8], "texture": "#top", "cullface": "up"}
			}
		}
	],
	"display": {
		"thirdperson_righthand": {
			"rotation": [75, 45, 0],
			"translation": [0, 2.5, 0],
			"scale": [0.375, 0.375, 0.375]
		},
		"thirdperson_lefthand": {
			"rotation": [75, 45, 0],
			"translation": [0, 2.5, 0],
			"scale": [0.375, 0.375, 0.375]
		},
		"firstperson_righthand": {
			"rotation": [0, 135, 0],
			"scale": [0.4, 0.4, 0.4]
		},
		"firstperson_lefthand": {
			"rotation": [0, 135, 0],
			"scale": [0.4, 0.4, 0.4]
		},
		"ground": {
			"translation": [0, 3, 0],
			"scale": [0.25, 0.25, 0.25]
		},
		"gui": {
			"rotation": [30, 225, 0],
			"translation": [0, -0.25, 0],
			"scale": [0.62, 0.62, 0.62]
		},
		"fixed": {
			"translation": [0, 0, -0.25],
			"scale": [0.5, 0.5, 0.5]
		}
	}
}