{
	"credit": "Made with Blockbench",
	"parent": "minecraft:block/block",
	"textures": {
		"back": "minecolonies:blocks/hut_base_side",
		"bottom": "minecolonies:blocks/fletcher_hut_bottom",
		"cyan_wool": "block/cyan_wool",
		"front": "minecolonies:blocks/fletcher_hut_front",
		"red_wool": "block/red_wool",
		"particle": "minecolonies:blocks/fletcher_hut_side_right",
		"side_left": "minecolonies:blocks/fletcher_hut_side_left",
		"side_right": "minecolonies:blocks/fletcher_hut_side_right",
		"top": "minecolonies:blocks/fletcher_hut_top"
	},
	"elements": [
		{
			"name": "top",
			"from": [0, 11, 0],
			"to": [16, 16, 16],
			"rotation": {"angle": 0, "axis": "y", "origin": [8, 0, 8]},
			"faces": {
				"north": {"uv": [0, 0, 16, 5], "texture": "#front", "cullface": "north"},
				"east": {"uv": [0, 0, 16, 5], "texture": "#side_left", "cullface": "east"},
				"south": {"uv": [0, 0, 16, 5], "texture": "#back", "cullface": "south"},
				"west": {"uv": [0, 0, 16, 5], "texture": "#side_right", "cullface": "west"},
				"up": {"uv": [0, 0, 16, 16], "rotation": 180, "texture": "#top", "cullface": "up"},
				"down": {"uv": [0, 0, 16, 16], "texture": "#bottom"}
			}
		},
		{
			"name": "leg",
			"from": [0, 0, 0],
			"to": [4, 11, 16],
			"rotation": {"angle": 0, "axis": "y", "origin": [8, 0, 8]},
			"faces": {
				"north": {"uv": [12, 5, 16, 16], "texture": "#front", "cullface": "north"},
				"east": {"uv": [0, 5, 16, 16], "texture": "#back"},
				"south": {"uv": [0, 5, 4, 16], "texture": "#back", "cullface": "south"},
				"west": {"uv": [0, 5, 16, 16], "texture": "#side_right", "cullface": "west"},
				"down": {"uv": [0, 0, 4, 16], "texture": "#bottom", "cullface": "down"}
			}
		},
		{
			"name": "leg",
			"from": [12, 0, 0],
			"to": [16, 11, 16],
			"rotation": {"angle": 0, "axis": "y", "origin": [8, 0, 8]},
			"faces": {
				"north": {"uv": [0, 5, 4, 16], "texture": "#front", "cullface": "north"},
				"east": {"uv": [0, 5, 16, 16], "texture": "#side_left", "cullface": "east"},
				"south": {"uv": [12, 5, 16, 16], "texture": "#back", "cullface": "south"},
				"west": {"uv": [0, 5, 16, 16], "texture": "#back"},
				"down": {"uv": [12, 0, 16, 16], "texture": "#bottom", "cullface": "down"}
			}
		},
		{
			"name": "leg",
			"from": [4, 0, 12],
			"to": [12, 11, 16],
			"rotation": {"angle": 0, "axis": "y", "origin": [8, 0, 8]},
			"faces": {
				"north": {"uv": [4, 5, 12, 16], "texture": "#back"},
				"south": {"uv": [4, 5, 12, 16], "texture": "#back", "cullface": "south"},
				"down": {"uv": [4, 0, 12, 4], "texture": "#bottom", "cullface": "down"}
			}
		},
		{
			"name": "shelf",
			"from": [4, 1, 0],
			"to": [12, 2, 12],
			"rotation": {"angle": 0, "axis": "y", "origin": [8, 0, 8]},
			"faces": {
				"north": {"uv": [12, 0, 4, 1], "texture": "#back", "cullface": "north"},
				"up": {"uv": [4, 0, 12, 12], "texture": "#back"},
				"down": {"uv": [12, 4, 4, 16], "texture": "#bottom"}
			}
		},
		{
			"name": "shelf",
			"from": [4, 6, 0],
			"to": [12, 7, 12],
			"rotation": {"angle": 0, "axis": "y", "origin": [8, 0, 8]},
			"faces": {
				"north": {"uv": [12, 0, 4, 1], "texture": "#back", "cullface": "north"},
				"up": {"uv": [4, 0, 12, 12], "texture": "#back"},
				"down": {"uv": [12, 0, 4, 12], "rotation": 180, "texture": "#back"}
			}
		},
		{
			"name": "wool",
			"from": [5, 2, 2],
			"to": [9, 6, 6],
			"rotation": {"angle": 0, "axis": "y", "origin": [7.5, 7.5, 4.5]},
			"faces": {
				"north": {"uv": [9, 1, 13, 5], "texture": "#cyan_wool"},
				"east": {"uv": [6, 1, 10, 5], "texture": "#cyan_wool"},
				"south": {"uv": [6, 1, 10, 5], "texture": "#cyan_wool"},
				"west": {"uv": [6, 1, 10, 5], "texture": "#cyan_wool"}
			}
		},
		{
			"name": "wool",
			"from": [7, 7, 2],
			"to": [11, 11, 6],
			"rotation": {"angle": 0, "axis": "y", "origin": [7.5, 7.5, 4.5]},
			"faces": {
				"north": {"uv": [3, 0, 7, 4], "texture": "#red_wool"},
				"east": {"uv": [6, 1, 10, 5], "texture": "#red_wool"},
				"south": {"uv": [6, 1, 10, 5], "texture": "#red_wool"},
				"west": {"uv": [6, 1, 10, 5], "texture": "#red_wool"}
			}
		}
	],
	"display": {
		"thirdperson_righthand": {
			"rotation": [75, 45, 0],
			"translation": [0, 2.5, 0],
			"scale": [0.375, 0.375, 0.375]
		},
		"thirdperson_lefthand": {
			"rotation": [75, 45, 0],
			"translation": [0, 2.5, 0],
			"scale": [0.375, 0.375, 0.375]
		},
		"firstperson_righthand": {
			"rotation": [0, 135, 0],
			"scale": [0.4, 0.4, 0.4]
		},
		"firstperson_lefthand": {
			"rotation": [0, 135, 0],
			"scale": [0.4, 0.4, 0.4]
		},
		"ground": {
			"translation": [0, 3, 0],
			"scale": [0.25, 0.25, 0.25]
		},
		"gui": {
			"rotation": [30, 225, 0],
			"scale": [0.625, 0.625, 0.625]
		},
		"fixed": {
			"scale": [0.5, 0.5, 0.5]
		}
	}
}