{
	"credit": "Made with Blockbench",
	"parent": "minecraft:block/block",
	"textures": {
		"particle": "minecolonies:blocks/decoration_controller",
		"decoration_controller": "minecolonies:blocks/decoration_controller"
	},
	"elements": [
		{
			"name": "main",
			"from": [4, 5, 15.5],
			"to": [12, 13, 15.5],
			"rotation": {"angle": 0, "axis": "y", "origin": [11, 13, 23]},
			"faces": {
				"north": {"uv": [4, 4, 12, 12], "texture": "#decoration_controller"},
				"south": {"uv": [12, 4, 4, 12], "texture": "#decoration_controller"}
			}
		},
		{
			"name": "bar",
			"from": [3, 4, 15],
			"to": [13, 5, 16],
			"faces": {
				"north": {"uv": [3, 12, 13, 13], "texture": "#decoration_controller"},
				"east": {"uv": [3, 12, 4, 13], "texture": "#decoration_controller"},
				"south": {"uv": [3, 12, 13, 13], "rotation": 180, "texture": "#decoration_controller", "cullface": "south"},
				"west": {"uv": [12, 12, 13, 13], "texture": "#decoration_controller"},
				"up": {"uv": [3, 12, 13, 13], "rotation": 180, "texture": "#decoration_controller"},
				"down": {"uv": [3, 12, 13, 13], "rotation": 180, "texture": "#decoration_controller"}
			}
		},
		{
			"name": "bar",
			"from": [3, 13, 15],
			"to": [13, 14, 16],
			"faces": {
				"north": {"uv": [3, 3, 13, 4], "texture": "#decoration_controller"},
				"east": {"uv": [3, 3, 4, 4], "texture": "#decoration_controller"},
				"south": {"uv": [3, 3, 13, 4], "rotation": 180, "texture": "#decoration_controller", "cullface": "south"},
				"west": {"uv": [12, 3, 13, 4], "texture": "#decoration_controller"},
				"up": {"uv": [3, 3, 13, 4], "rotation": 180, "texture": "#decoration_controller"},
				"down": {"uv": [3, 3, 13, 4], "rotation": 180, "texture": "#decoration_controller"}
			}
		}
	],
	"gui_light": "front",
	"display": {
		"thirdperson_righthand": {
			"translation": [0, 2.25, -3],
			"scale": [0.55, 0.55, 0.55]
		},
		"thirdperson_lefthand": {
			"translation": [0, 2.25, -3],
			"scale": [0.55, 0.55, 0.55]
		},
		"firstperson_righthand": {
			"rotation": [0, -90, 25],
			"translation": [4.38, 3.2, 2.13],
			"scale": [0.68, 0.68, 0.68]
		},
		"firstperson_lefthand": {
			"rotation": [0, -90, 25],
			"translation": [4.38, 3.2, 2.13],
			"scale": [0.68, 0.68, 0.68]
		},
		"ground": {
			"translation": [0, 2, -3.25],
			"scale": [0.5, 0.5, 0.5]
		},
		"gui": {
			"translation": [0, -1, 0]
		},
		"head": {
			"rotation": [0, 180, 0],
			"translation": [0, -1.25, 2.5],
			"scale": [1.29, 1.29, 1.29]
		},
		"fixed": {
			"rotation": [0, 180, 0],
			"translation": [0, -1, 7.25]
		}
	}
}