{
	"credit": "Made with Blockbench",
	"ambientocclusion": false,
	"textures": {
		"1": "block/oak_planks",
		"2": "block/dark_oak_planks",
		"3": "block/acacia_planks",
		"particle": "block/oak_planks"
	},
	"elements": [
		{
			"name": "top ending/back.10",
			"from": [8, 8, 0],
			"to": [10, 11, 16],
			"rotation": {"angle": 0, "axis": "y", "origin": [8, 8, 8]},
			"faces": {
				"east": {"uv": [10, 12, 15, 15], "texture": "#3"},
				"up": {"uv": [0, 14, 16, 16], "rotation": 270, "texture": "#3"}
			}
		},
		{
			"name": "top ending/back.9",
			"from": [6, 8, 0],
			"to": [8, 11, 16],
			"rotation": {"angle": 0, "axis": "y", "origin": [8, 8, 8]},
			"faces": {
				"west": {"uv": [2, 12, 7, 15], "texture": "#3"},
				"up": {"uv": [0, 14, 16, 16], "rotation": 90, "texture": "#3"}
			}
		},
		{
			"name": "shingle_middle_E",
			"from": [7.19879, 6.98233, 0],
			"to": [15.19879, 9.87233, 16],
			"rotation": {"angle": -22.5, "axis": "z", "origin": [8, 8, 2]},
			"faces": {
				"east": {"uv": [0, 0, 16, 2.89], "texture": "#1"},
				"up": {"uv": [0, 8, 16, 16], "rotation": 270, "texture": "#1"},
				"down": {"uv": [0, 8, 16, 16], "rotation": 270, "texture": "#2"}
			}
		},
		{
			"name": "shingle_down_E2",
			"from": [13.16715, 4.09589, 0],
			"to": [22.16715, 6.98589, 16],
			"rotation": {"angle": -22.5, "axis": "z", "origin": [8, 8, 8]},
			"faces": {
				"east": {"uv": [0, 0, 16, 2.89], "texture": "#1", "cullface": "east"},
				"west": {"uv": [0, 0, 16, 2.89], "texture": "#2"},
				"up": {"uv": [0, 7, 16, 16], "rotation": 270, "texture": "#1"},
				"down": {"uv": [0, 7, 16, 16], "rotation": 270, "texture": "#2"}
			}
		},
		{
			"name": "shingle_middle_W",
			"from": [0.80121, 6.98233, 0],
			"to": [8.80121, 9.87233, 16],
			"rotation": {"angle": 22.5, "axis": "z", "origin": [8, 8, 2]},
			"faces": {
				"west": {"uv": [0, 0, 16, 2.89], "texture": "#1"},
				"up": {"uv": [0, 8, 16, 16], "rotation": 90, "texture": "#1"},
				"down": {"uv": [16, 8, 0, 16], "rotation": 90, "texture": "#2"}
			}
		},
		{
			"name": "shingle_down_W2",
			"from": [-6.16715, 4.09589, 0],
			"to": [2.83285, 6.98589, 16],
			"rotation": {"angle": 22.5, "axis": "z", "origin": [8, 8, 8]},
			"faces": {
				"east": {"uv": [0, 0, 16, 2.89], "texture": "#2"},
				"west": {"uv": [0, 0, 16, 2.89], "texture": "#1", "cullface": "west"},
				"up": {"uv": [0, 7, 16, 16], "rotation": 90, "texture": "#1"},
				"down": {"uv": [0, 7, 16, 16], "rotation": 90, "texture": "#2"}
			}
		}
	],
	"display": {
		"thirdperson_righthand": {
			"rotation": [75, 45, 0],
			"translation": [0, 2.5, 0],
			"scale": [0.375, 0.375, 0.375]
		},
		"thirdperson_lefthand": {
			"rotation": [75, -135, 0],
			"translation": [0, 2.5, 0],
			"scale": [0.375, 0.375, 0.375]
		},
		"firstperson_righthand": {
			"rotation": [0, 45, 0],
			"scale": [0.4, 0.4, 0.4]
		},
		"firstperson_lefthand": {
			"rotation": [0, 225, 0],
			"scale": [0.4, 0.4, 0.4]
		},
		"gui": {
			"rotation": [30, 135, 0],
			"scale": [0.625, 0.625, 0.625]
		}
	}
}