{
	"credit": "Made with Blockbench",
	"ambientocclusion": false,
	"textures": {
		"1": "block/oak_planks",
		"2": "block/dark_oak_planks",
		"3": "block/acacia_planks",
		"particle": "block/oak_planks"
	},
	"elements": [
		{
			"name": "top ending_NW",
			"from": [5, 8, 5],
			"to": [8, 11, 8],
			"rotation": {"angle": 0, "axis": "y", "origin": [8, 8, 8]},
			"faces": {
				"north": {"uv": [1, 0, 4, 3], "texture": "#3"},
				"west": {"uv": [8, 0, 11, 3], "texture": "#3"},
				"up": {"uv": [12, 1, 15, 4], "rotation": 90, "texture": "#3"},
				"down": {"uv": [15, 4, 12, 1], "rotation": 180, "texture": "#2"}
			}
		},
		{
			"name": "top ending_NE",
			"from": [8, 8, 5],
			"to": [11, 11, 8],
			"rotation": {"angle": 0, "axis": "y", "origin": [8, 8, 8]},
			"faces": {
				"north": {"uv": [1, 0, 4, 3], "texture": "#3"},
				"east": {"uv": [5, 0, 8, 3], "texture": "#3"},
				"up": {"uv": [12, 1, 15, 4], "rotation": 180, "texture": "#3"},
				"down": {"uv": [15, 4, 12, 1], "rotation": 90, "texture": "#2"}
			}
		},
		{
			"name": "top ending_SE",
			"from": [8, 8, 8],
			"to": [11, 11, 11],
			"rotation": {"angle": 0, "axis": "y", "origin": [8, 8, 8]},
			"faces": {
				"east": {"uv": [3, 0, 6, 3], "texture": "#3"},
				"south": {"uv": [1, 0, 4, 3], "texture": "#3"},
				"up": {"uv": [12, 1, 15, 4], "rotation": 270, "texture": "#3"},
				"down": {"uv": [15, 4, 12, 1], "texture": "#2"}
			}
		},
		{
			"name": "top ending/back.10",
			"from": [8, 8, 0],
			"to": [10, 11, 5],
			"rotation": {"angle": 0, "axis": "y", "origin": [8, 8, 8]},
			"faces": {
				"east": {"uv": [10, 12, 15, 15], "texture": "#3"},
				"up": {"uv": [8, 12, 13, 14], "rotation": 270, "texture": "#3"}
			}
		},
		{
			"name": "top ending/back.9",
			"from": [6, 8, 0],
			"to": [8, 11, 5],
			"rotation": {"angle": 0, "axis": "y", "origin": [8, 8, 8]},
			"faces": {
				"west": {"uv": [2, 12, 7, 15], "texture": "#3"},
				"up": {"uv": [2, 14, 7, 16], "rotation": 90, "texture": "#3"}
			}
		},
		{
			"name": "top ending_SW",
			"from": [5, 8, 8],
			"to": [8, 11, 11],
			"rotation": {"angle": 0, "axis": "y", "origin": [8, 8, 8]},
			"faces": {
				"south": {"uv": [2, 0, 6, 3], "texture": "#3"},
				"west": {"uv": [2, 0, 6, 3], "texture": "#3"},
				"up": {"uv": [12, 1, 15, 4], "texture": "#3"},
				"down": {"uv": [15, 4, 12, 1], "rotation": 270, "texture": "#2"}
			}
		},
		{
			"name": "shingle_middle_E",
			"from": [10.19879, 6.98233, 7],
			"to": [15.19879, 9.87233, 13],
			"rotation": {"angle": -22.5, "axis": "z", "origin": [8, 8, 8]},
			"faces": {
				"east": {"uv": [3, 0, 9, 2.89], "texture": "#1"},
				"west": {"uv": [3, 0, 9, 2.89], "texture": "#2"},
				"up": {"uv": [3, 11, 9, 16], "rotation": 270, "texture": "#1"},
				"down": {"uv": [3, 7, 13, 12], "rotation": 270, "texture": "#2"}
			}
		},
		{
			"name": "shingle_middle_E",
			"from": [7.19879, 6.98233, 0],
			"to": [15.19879, 9.87233, 7],
			"rotation": {"angle": -22.5, "axis": "z", "origin": [8, 8, 2]},
			"faces": {
				"east": {"uv": [9, 0, 16, 2.89], "texture": "#1"},
				"up": {"uv": [9, 8, 16, 16], "rotation": 270, "texture": "#1"},
				"down": {"uv": [0, 8, 7, 16], "rotation": 270, "texture": "#2"}
			}
		},
		{
			"name": "shingle_down_E2",
			"from": [13.16715, 4.09589, 0],
			"to": [22.16715, 6.98589, 14],
			"rotation": {"angle": -22.5, "axis": "z", "origin": [8, 8, 8]},
			"faces": {
				"east": {"uv": [2, 0, 16, 2.89], "texture": "#1", "cullface": "east"},
				"west": {"uv": [0, 0, 14, 2.89], "texture": "#2"},
				"up": {"uv": [2, 7, 16, 16], "rotation": 270, "texture": "#1"},
				"down": {"uv": [0, 7, 14, 16], "rotation": 270, "texture": "#2"}
			}
		},
		{
			"name": "shingle_down_E3",
			"from": [17.16715, 4.09589, 14],
			"to": [22.16715, 6.98589, 16],
			"rotation": {"angle": -22.5, "axis": "z", "origin": [8, 8, 8]},
			"faces": {
				"east": {"uv": [0, 0, 2, 2.89], "texture": "#1", "cullface": "east"},
				"up": {"uv": [0, 11, 2, 16], "rotation": 270, "texture": "#1", "cullface": "east"},
				"down": {"uv": [14, 11, 16, 16], "rotation": 270, "texture": "#2"}
			}
		},
		{
			"name": "shingle_down_E4",
			"from": [17.16715, 4.09589, 16],
			"to": [22.16715, 6.98589, 18],
			"rotation": {"angle": -22.5, "axis": "z", "origin": [8, 8, 8]},
			"faces": {
				"east": {"uv": [14, 0, 16, 2.89], "texture": "#1", "cullface": "east"},
				"up": {"uv": [14, 11, 16, 16], "rotation": 270, "texture": "#1", "cullface": "east"},
				"down": {"uv": [0, 11, 2, 16], "rotation": 270, "texture": "#2", "cullface": "south"}
			}
		},
		{
			"name": "shingle_middle_S",
			"from": [3, 6.98233, 10.19879],
			"to": [13, 9.87233, 15.19879],
			"rotation": {"angle": 22.5, "axis": "x", "origin": [8, 8, 8]},
			"faces": {
				"north": {"uv": [3, 0, 13, 2.89], "texture": "#2"},
				"south": {"uv": [3, 0, 13, 2.89], "texture": "#1"},
				"up": {"uv": [3, 11, 13, 16], "texture": "#1"},
				"down": {"uv": [3, 7, 13, 12], "rotation": 180, "texture": "#2"}
			}
		},
		{
			"name": "shingle_down_S1",
			"from": [14, 4.09589, 17.16715],
			"to": [16, 6.98589, 22.16715],
			"rotation": {"angle": 22.5, "axis": "x", "origin": [8, 8, 8]},
			"faces": {
				"south": {"uv": [14, 0, 16, 2.89], "texture": "#1", "cullface": "south"},
				"up": {"uv": [14, 11, 16, 16], "texture": "#1", "cullface": "south"},
				"down": {"uv": [0, 7, 2, 12], "rotation": 180, "texture": "#2"}
			}
		},
		{
			"name": "shingle_down_S2",
			"from": [16, 4.09589, 17.16715],
			"to": [18, 6.98589, 22.16715],
			"rotation": {"angle": 22.5, "axis": "x", "origin": [8, 8, 8]},
			"faces": {
				"east": {"uv": [4, 0, 9, 2.89], "texture": "#2", "cullface": "east"},
				"south": {"uv": [0, 0, 2, 2.89], "texture": "#1", "cullface": "east"},
				"up": {"uv": [0, 11, 2, 16], "texture": "#1", "cullface": "east"},
				"down": {"uv": [14, 7, 16, 12], "rotation": 180, "texture": "#2", "cullface": "east"}
			}
		},
		{
			"name": "shingle_down_S2",
			"from": [2, 4.09589, 13.16715],
			"to": [14, 6.98589, 22.16715],
			"rotation": {"angle": 22.5, "axis": "x", "origin": [8, 8, 8]},
			"faces": {
				"north": {"uv": [2, 0, 14, 2.89], "texture": "#2"},
				"south": {"uv": [2, 0, 14, 2.89], "texture": "#1", "cullface": "south"},
				"up": {"uv": [2, 7, 14, 16], "texture": "#1"},
				"down": {"uv": [2, 7, 14, 16], "rotation": 180, "texture": "#2"}
			}
		},
		{
			"name": "shingle_down_S3",
			"from": [0, 4.09589, 17.16715],
			"to": [2, 6.98589, 22.16715],
			"rotation": {"angle": 22.5, "axis": "x", "origin": [8, 8, 8]},
			"faces": {
				"south": {"uv": [0, 0, 2, 2.89], "texture": "#1", "cullface": "south"},
				"up": {"uv": [0, 11, 2, 16], "texture": "#1", "cullface": "south"},
				"down": {"uv": [14, 11, 16, 16], "rotation": 180, "texture": "#2"}
			}
		},
		{
			"name": "shingle_down_S4",
			"from": [-2, 4.09589, 17.16715],
			"to": [0, 6.98589, 22.16715],
			"rotation": {"angle": 22.5, "axis": "x", "origin": [8, 8, 8]},
			"faces": {
				"south": {"uv": [14, 0, 16, 2.89], "texture": "#1", "cullface": "west"},
				"west": {"uv": [4, 0, 9, 2.89], "texture": "#2", "cullface": "west"},
				"up": {"uv": [14, 11, 16, 16], "texture": "#1", "cullface": "west"},
				"down": {"uv": [0, 11, 2, 16], "rotation": 180, "texture": "#2", "cullface": "west"}
			}
		},
		{
			"name": "shingle_hip_middle_SE",
			"from": [6.36777, 5.40333, 5.98959],
			"to": [18.36777, 10.73667, 9.98959],
			"rotation": {"angle": -45, "axis": "y", "origin": [8, 8, 8]},
			"faces": {
				"north": {"uv": [0, 0, 12, 5], "texture": "#3"},
				"east": {"uv": [12, 0, 16, 5], "texture": "#1"},
				"south": {"uv": [0, 0, 12, 5], "texture": "#3"},
				"up": {"uv": [0, 4, 4, 16], "rotation": 270, "texture": "#1"}
			}
		},
		{
			"name": "shingle_hip_down_SE",
			"from": [13.89741, 0.065, 5.98959],
			"to": [25.89741, 5.39833, 9.98959],
			"rotation": {"angle": -45, "axis": "y", "origin": [8, 8, 8]},
			"faces": {
				"north": {"uv": [0, 0, 12, 5], "texture": "#3"},
				"east": {"uv": [4, 0, 8, 5], "texture": "#1", "cullface": "east"},
				"south": {"uv": [0, 0, 12, 5], "texture": "#3"},
				"up": {"uv": [0, 4, 4, 16], "rotation": 270, "texture": "#1"},
				"down": {"uv": [0, 4, 4, 16], "rotation": 270, "texture": "#2"}
			}
		},
		{
			"name": "shingle_middle_W",
			"from": [0.80121, 6.98233, 7],
			"to": [5.80121, 9.87233, 13],
			"rotation": {"angle": 22.5, "axis": "z", "origin": [8, 8, 8]},
			"faces": {
				"east": {"uv": [2, 0, 8, 2.89], "texture": "#2"},
				"west": {"uv": [13, 0, 3, 2.89], "texture": "#1"},
				"up": {"uv": [7, 11, 13, 16], "rotation": 90, "texture": "#1"},
				"down": {"uv": [2, 7, 8, 12], "rotation": 90, "texture": "#2"}
			}
		},
		{
			"name": "shingle_middle_W",
			"from": [0.80121, 6.98233, 0],
			"to": [8.80121, 9.87233, 7],
			"rotation": {"angle": 22.5, "axis": "z", "origin": [8, 8, 2]},
			"faces": {
				"west": {"uv": [3, 0, 13, 2.89], "texture": "#1"},
				"up": {"uv": [0, 8, 7, 16], "rotation": 90, "texture": "#1"},
				"down": {"uv": [16, 8, 9, 16], "rotation": 90, "texture": "#2"}
			}
		},
		{
			"name": "shingle_down_W1",
			"from": [-6.16715, 4.09589, 14],
			"to": [-1.16715, 6.98589, 16],
			"rotation": {"angle": 22.5, "axis": "z", "origin": [8, 8, 8]},
			"faces": {
				"west": {"uv": [14, 0, 16, 2.89], "texture": "#1", "cullface": "west"},
				"up": {"uv": [14, 11, 16, 16], "rotation": 90, "texture": "#1", "cullface": "west"},
				"down": {"uv": [0, 7, 2, 12], "rotation": 90, "texture": "#2"}
			}
		},
		{
			"name": "shingle_down_W2",
			"from": [-6.16715, 4.09589, 16],
			"to": [-1.16715, 6.98589, 18],
			"rotation": {"angle": 22.5, "axis": "z", "origin": [8, 8, 8]},
			"faces": {
				"south": {"uv": [4, 0, 9, 2.89], "texture": "#2", "cullface": "south"},
				"west": {"uv": [0, 0, 2, 2.89], "texture": "#1", "cullface": "west"},
				"up": {"uv": [0, 11, 2, 16], "rotation": 90, "texture": "#1", "cullface": "west"},
				"down": {"uv": [14, 7, 16, 12], "rotation": 90, "texture": "#2", "cullface": "south"}
			}
		},
		{
			"name": "shingle_down_W2",
			"from": [-6.16715, 4.09589, 0],
			"to": [2.83285, 6.98589, 14],
			"rotation": {"angle": 22.5, "axis": "z", "origin": [8, 8, 8]},
			"faces": {
				"east": {"uv": [1, 0, 15, 2.89], "texture": "#2"},
				"west": {"uv": [0, 0, 14, 2.89], "texture": "#1", "cullface": "west"},
				"up": {"uv": [0, 7, 14, 16], "rotation": 90, "texture": "#1"},
				"down": {"uv": [1, 7, 15, 16], "rotation": 90, "texture": "#2"}
			}
		},
		{
			"name": "shingle_hip_middle_SW",
			"from": [6.01041, 5.40333, 6.36777],
			"to": [10.01041, 10.73667, 18.36777],
			"rotation": {"angle": -45, "axis": "y", "origin": [8, 8, 8]},
			"faces": {
				"east": {"uv": [0, 0, 12, 5], "texture": "#3"},
				"south": {"uv": [12, 0, 16, 5], "texture": "#1"},
				"west": {"uv": [0, 0, 12, 5], "texture": "#3"},
				"up": {"uv": [0, 4, 4, 16], "texture": "#1"}
			}
		},
		{
			"name": "shingle_hip_down_SW",
			"from": [6.01041, 0.065, 13.89741],
			"to": [10.01041, 5.39833, 25.89741],
			"rotation": {"angle": -45, "axis": "y", "origin": [8, 8, 8]},
			"faces": {
				"east": {"uv": [0, 0, 12, 5], "texture": "#3"},
				"south": {"uv": [4, 0, 8, 5], "texture": "#1", "cullface": "west"},
				"west": {"uv": [0, 0, 12, 5], "texture": "#3"},
				"up": {"uv": [0, 4, 4, 16], "texture": "#1"},
				"down": {"uv": [0, 4, 4, 16], "rotation": 180, "texture": "#2"}
			}
		}
	],
	"display": {
		"thirdperson_righthand": {
			"rotation": [75, 45, 0],
			"translation": [0, 2.5, 0],
			"scale": [0.375, 0.375, 0.375]
		},
		"thirdperson_lefthand": {
			"rotation": [75, -135, 0],
			"translation": [0, 2.5, 0],
			"scale": [0.375, 0.375, 0.375]
		},
		"firstperson_righthand": {
			"rotation": [0, 45, 0],
			"scale": [0.4, 0.4, 0.4]
		},
		"firstperson_lefthand": {
			"rotation": [0, 225, 0],
			"scale": [0.4, 0.4, 0.4]
		},
		"gui": {
			"rotation": [30, 135, 0],
			"scale": [0.625, 0.625, 0.625]
		}
	}
}