{
	"credit": "Made with Blockbench",
	"parent": "minecraft:block/door_bottom",
	"ambientocclusion": false,
	"textures": {
		"2": "block/oak_planks",
		"3": "block/acacia_planks",
		"particle": "#2"
	},
	"elements": [
		{
			"name": "door_upper_outer_0",
			"from": [0, 11, 0],
			"to": [3, 16, 5],
			"faces": {
				"north": {"uv": [13, 0, 16, 5], "texture": "#3", "cullface": "north"},
				"east": {"uv": [0, 5, 5, 0], "rotation": 180, "texture": "#3"},
				"west": {"uv": [0, 0, 5, 5], "texture": "#3", "cullface": "west"},
				"up": {"uv": [11, 0, 16, 3], "rotation": 270, "texture": "#3", "cullface": "up"}
			}
		},
		{
			"name": "door_upper_outer_1",
			"from": [0, 13, 5],
			"to": [3, 16, 16],
			"faces": {
				"east": {"uv": [5, 3, 16, 0], "rotation": 180, "texture": "#3"},
				"south": {"uv": [0, 0, 3, 3], "texture": "#3", "cullface": "south"},
				"west": {"uv": [5, 0, 16, 3], "texture": "#3", "cullface": "west"},
				"up": {"uv": [0, 0, 11, 3], "rotation": 270, "texture": "#3", "cullface": "up"}
			}
		},
		{
			"name": "door_upper_outer_2",
			"from": [0, 12, 5],
			"to": [3, 13, 6],
			"faces": {
				"east": {"uv": [5, 4, 6, 3], "rotation": 180, "texture": "#3"},
				"west": {"uv": [5, 3, 6, 4], "texture": "#3", "cullface": "west"}
			}
		},
		{
			"name": "door_upper_outer_3",
			"from": [0, 12, 10],
			"to": [3, 13, 16],
			"faces": {
				"east": {"uv": [10, 4, 16, 3], "rotation": 180, "texture": "#3"},
				"south": {"uv": [0, 3, 3, 4], "texture": "#3", "cullface": "south"},
				"west": {"uv": [10, 3, 16, 4], "texture": "#3", "cullface": "west"}
			}
		},
		{
			"name": "door_upper_outer_4",
			"from": [0, 11, 11],
			"to": [3, 12, 16],
			"faces": {
				"east": {"uv": [11, 5, 16, 4], "rotation": 180, "texture": "#3"},
				"south": {"uv": [0, 4, 3, 5], "texture": "#3", "cullface": "south"},
				"west": {"uv": [11, 4, 16, 5], "texture": "#3", "cullface": "west"}
			}
		},
		{
			"name": "door_upper_outer_5",
			"from": [0, 8, 0],
			"to": [3, 11, 3],
			"faces": {
				"north": {"uv": [13, 5, 16, 8], "texture": "#3", "cullface": "north"},
				"east": {"uv": [0, 8, 3, 5], "rotation": 180, "texture": "#3"},
				"west": {"uv": [0, 5, 3, 8], "texture": "#3", "cullface": "west"}
			}
		},
		{
			"name": "door_upper_outer_6",
			"from": [0, 10, 3],
			"to": [3, 11, 4],
			"faces": {
				"east": {"uv": [3, 6, 4, 5], "rotation": 180, "texture": "#3"},
				"west": {"uv": [3, 5, 4, 6], "texture": "#3", "cullface": "west"}
			}
		},
		{
			"name": "door_upper_outer_7",
			"from": [0, 10, 12],
			"to": [3, 11, 16],
			"faces": {
				"east": {"uv": [12, 6, 16, 5], "rotation": 180, "texture": "#3"},
				"south": {"uv": [0, 5, 3, 6], "texture": "#3", "cullface": "south"},
				"west": {"uv": [12, 5, 16, 6], "texture": "#3", "cullface": "west"}
			}
		},
		{
			"name": "door_upper_outer_8",
			"from": [0, 8, 13],
			"to": [3, 10, 16],
			"faces": {
				"east": {"uv": [13, 8, 16, 6], "rotation": 180, "texture": "#3"},
				"south": {"uv": [0, 6, 3, 8], "texture": "#3", "cullface": "south"},
				"west": {"uv": [13, 6, 16, 8], "texture": "#3", "cullface": "west"}
			}
		},
		{
			"name": "door_upper_outer_9",
			"from": [0, 0, 0],
			"to": [3, 8, 2],
			"faces": {
				"north": {"uv": [13, 8, 16, 16], "texture": "#3", "cullface": "north"},
				"east": {"uv": [0, 16, 2, 8], "rotation": 180, "texture": "#3"},
				"west": {"uv": [0, 8, 2, 16], "texture": "#3", "cullface": "west"},
				"down": {"uv": [0, 13, 2, 16], "rotation": 270, "texture": "#3", "cullface": "down"}
			}
		},
		{
			"name": "door_upper_outer_10",
			"from": [0, 0, 14],
			"to": [3, 8, 16],
			"faces": {
				"east": {"uv": [14, 16, 16, 8], "rotation": 180, "texture": "#3"},
				"south": {"uv": [0, 8, 3, 16], "texture": "#3", "cullface": "south"},
				"west": {"uv": [14, 8, 16, 16], "texture": "#3", "cullface": "west"},
				"down": {"uv": [14, 13, 16, 16], "rotation": 270, "texture": "#3", "cullface": "down"}
			}
		},
		{
			"name": "door_upper_outer_11",
			"from": [0, 0, 2],
			"to": [3, 4, 3],
			"faces": {
				"east": {"uv": [2, 16, 3, 12], "rotation": 180, "texture": "#3"},
				"west": {"uv": [2, 12, 3, 16], "texture": "#3", "cullface": "west"},
				"down": {"uv": [2, 13, 3, 16], "rotation": 270, "texture": "#3", "cullface": "down"}
			}
		},
		{
			"name": "door_upper_outer_12",
			"from": [0, 0, 13],
			"to": [3, 4, 14],
			"faces": {
				"east": {"uv": [13, 16, 14, 12], "rotation": 180, "texture": "#3"},
				"west": {"uv": [13, 12, 14, 16], "texture": "#3", "cullface": "west"},
				"down": {"uv": [13, 13, 14, 16], "rotation": 270, "texture": "#3", "cullface": "down"}
			}
		},
		{
			"name": "door_upper_outer_13",
			"from": [0, 0, 3],
			"to": [3, 2, 4],
			"faces": {
				"east": {"uv": [3, 16, 4, 14], "rotation": 180, "texture": "#3"},
				"west": {"uv": [3, 14, 4, 16], "texture": "#3", "cullface": "west"},
				"down": {"uv": [3, 13, 4, 16], "rotation": 270, "texture": "#3", "cullface": "down"}
			}
		},
		{
			"name": "door_upper_outer_14",
			"from": [0, 0, 12],
			"to": [3, 2, 13],
			"faces": {
				"east": {"uv": [12, 16, 13, 14], "rotation": 180, "texture": "#3"},
				"west": {"uv": [12, 14, 13, 16], "texture": "#3", "cullface": "west"},
				"down": {"uv": [12, 13, 13, 16], "rotation": 270, "texture": "#3", "cullface": "down"}
			}
		},
		{
			"name": "door_upper_inner_0",
			"from": [0, 9, 6],
			"to": [3, 13, 10],
			"faces": {
				"east": {"uv": [6, 7, 10, 3], "rotation": 180, "texture": "#2"},
				"west": {"uv": [6, 3, 10, 7], "texture": "#2", "cullface": "west"},
				"down": {"uv": [6, 13, 10, 16], "rotation": 270, "texture": "#2"}
			}
		},
		{
			"name": "door_upper_inner_1",
			"from": [0, 9, 5],
			"to": [3, 12, 6],
			"faces": {
				"east": {"uv": [5, 7, 6, 4], "rotation": 180, "texture": "#2"},
				"west": {"uv": [5, 4, 6, 7], "texture": "#2", "cullface": "west"},
				"down": {"uv": [5, 13, 6, 16], "rotation": 270, "texture": "#2"}
			}
		},
		{
			"name": "door_upper_inner_2",
			"from": [0, 9, 10],
			"to": [3, 12, 11],
			"faces": {
				"east": {"uv": [10, 7, 11, 4], "rotation": 180, "texture": "#2"},
				"west": {"uv": [10, 4, 11, 7], "texture": "#2", "cullface": "west"},
				"down": {"uv": [10, 13, 11, 16], "rotation": 270, "texture": "#2"}
			}
		},
		{
			"name": "door_upper_inner_3",
			"from": [0, 0, 4],
			"to": [3, 11, 5],
			"faces": {
				"east": {"uv": [4, 16, 5, 5], "rotation": 180, "texture": "#2"},
				"south": {"uv": [0, 5, 3, 16], "texture": "#2"},
				"west": {"uv": [4, 5, 5, 16], "texture": "#2", "cullface": "west"},
				"down": {"uv": [4, 13, 5, 16], "rotation": 270, "texture": "#2", "cullface": "down"}
			}
		},
		{
			"name": "door_upper_inner_4",
			"from": [0, 0, 11],
			"to": [3, 11, 12],
			"faces": {
				"north": {"uv": [13, 5, 16, 16], "texture": "#2"},
				"east": {"uv": [11, 16, 12, 5], "rotation": 180, "texture": "#2"},
				"west": {"uv": [11, 5, 12, 16], "texture": "#2", "cullface": "west"},
				"down": {"uv": [11, 13, 12, 16], "rotation": 270, "texture": "#2", "cullface": "down"}
			}
		},
		{
			"name": "door_upper_inner_5",
			"from": [0, 2, 3],
			"to": [3, 10, 4],
			"faces": {
				"east": {"uv": [3, 14, 4, 6], "rotation": 180, "texture": "#2"},
				"west": {"uv": [3, 6, 4, 14], "texture": "#2", "cullface": "west"}
			}
		},
		{
			"name": "door_upper_inner_6",
			"from": [0, 2, 12],
			"to": [3, 10, 13],
			"faces": {
				"east": {"uv": [12, 14, 13, 6], "rotation": 180, "texture": "#2"},
				"west": {"uv": [12, 6, 13, 14], "texture": "#2", "cullface": "west"}
			}
		},
		{
			"name": "door_upper_inner_7",
			"from": [0, 7, 7],
			"to": [3, 9, 9],
			"faces": {
				"north": {"uv": [13, 7, 16, 9], "texture": "#2"},
				"east": {"uv": [7, 9, 9, 7], "rotation": 180, "texture": "#2"},
				"south": {"uv": [0, 7, 3, 9], "texture": "#2"},
				"west": {"uv": [7, 7, 9, 9], "texture": "#2", "cullface": "west"},
				"down": {"uv": [7, 13, 9, 16], "rotation": 270, "texture": "#2"}
			}
		},
		{
			"name": "door_upper_inner_8",
			"from": [0, 4, 2],
			"to": [3, 8, 3],
			"faces": {
				"east": {"uv": [2, 12, 3, 8], "rotation": 180, "texture": "#2"},
				"west": {"uv": [2, 8, 3, 12], "texture": "#2", "cullface": "west"}
			}
		},
		{
			"name": "door_upper_inner_9",
			"from": [0, 4, 13],
			"to": [3, 8, 14],
			"faces": {
				"east": {"uv": [13, 12, 14, 8], "rotation": 180, "texture": "#2"},
				"west": {"uv": [13, 8, 14, 12], "texture": "#2", "cullface": "west"}
			}
		},
		{
			"name": "door_upper_inner_10",
			"from": [0, 6, 5],
			"to": [3, 7, 7],
			"faces": {
				"east": {"uv": [5, 10, 7, 9], "rotation": 180, "texture": "#2"},
				"south": {"uv": [0, 9, 3, 10], "texture": "#2"},
				"west": {"uv": [5, 9, 7, 10], "texture": "#2", "cullface": "west"},
				"up": {"uv": [5, 0, 7, 3], "rotation": 270, "texture": "#2"},
				"down": {"uv": [5, 13, 7, 16], "rotation": 270, "texture": "#2"}
			}
		},
		{
			"name": "door_upper_inner_11",
			"from": [0, 6, 9],
			"to": [3, 7, 11],
			"faces": {
				"north": {"uv": [13, 9, 16, 10], "texture": "#2"},
				"east": {"uv": [9, 10, 11, 9], "rotation": 180, "texture": "#2"},
				"west": {"uv": [9, 9, 11, 10], "texture": "#2", "cullface": "west"},
				"up": {"uv": [9, 0, 11, 3], "rotation": 270, "texture": "#2"},
				"down": {"uv": [9, 13, 11, 16], "rotation": 270, "texture": "#2"}
			}
		},
		{
			"name": "door_upper_inner_12",
			"from": [0, 0, 5],
			"to": [3, 6, 6],
			"faces": {
				"east": {"uv": [5, 16, 6, 10], "rotation": 180, "texture": "#2"},
				"south": {"uv": [0, 10, 3, 16], "texture": "#2"},
				"west": {"uv": [5, 10, 6, 16], "texture": "#2", "cullface": "west"},
				"down": {"uv": [5, 13, 6, 16], "rotation": 270, "texture": "#2", "cullface": "down"}
			}
		},
		{
			"name": "door_upper_inner_13",
			"from": [0, 0, 10],
			"to": [3, 6, 11],
			"faces": {
				"north": {"uv": [13, 10, 16, 16], "texture": "#2"},
				"east": {"uv": [10, 16, 11, 10], "rotation": 180, "texture": "#2"},
				"west": {"uv": [10, 10, 11, 16], "texture": "#2", "cullface": "west"},
				"down": {"uv": [10, 13, 11, 16], "rotation": 270, "texture": "#2", "cullface": "down"}
			}
		},
		{
			"name": "door_upper_inner_14",
			"from": [0, 0, 7],
			"to": [3, 4, 9],
			"faces": {
				"north": {"uv": [13, 12, 16, 16], "texture": "#2"},
				"east": {"uv": [7, 16, 9, 12], "rotation": 180, "texture": "#2"},
				"south": {"uv": [0, 12, 3, 16], "texture": "#2"},
				"west": {"uv": [7, 12, 9, 16], "texture": "#2", "cullface": "west"},
				"up": {"uv": [7, 0, 9, 3], "rotation": 270, "texture": "#2"},
				"down": {"uv": [7, 13, 9, 16], "rotation": 270, "texture": "#2", "cullface": "down"}
			}
		},
		{
			"name": "door_upper_inner_15",
			"from": [0, 0, 6],
			"to": [3, 3, 7],
			"faces": {
				"east": {"uv": [6, 16, 7, 13], "rotation": 180, "texture": "#2"},
				"west": {"uv": [6, 13, 7, 16], "texture": "#2", "cullface": "west"},
				"up": {"uv": [9, 0, 10, 3], "rotation": 270, "texture": "#2"},
				"down": {"uv": [6, 13, 7, 16], "rotation": 270, "texture": "#2", "cullface": "down"}
			}
		},
		{
			"name": "door_upper_inner_16",
			"from": [0, 0, 9],
			"to": [3, 3, 10],
			"faces": {
				"east": {"uv": [9, 16, 10, 13], "rotation": 180, "texture": "#2"},
				"west": {"uv": [9, 13, 10, 16], "texture": "#2", "cullface": "west"},
				"up": {"uv": [6, 0, 7, 3], "rotation": 270, "texture": "#2"},
				"down": {"uv": [9, 13, 10, 16], "rotation": 270, "texture": "#2", "cullface": "down"}
			}
		}
	],
	"groups": [
		{
			"name": "door_upper",
			"origin": [8, 8, 8],
			"color": 0,
			"children": [
				{
					"name": "door_upper_outer",
					"origin": [8, 8, 8],
					"color": 0,
					"children": [0, 1, 2, 3, 4, 5, 6, 7, 8, 9, 10, 11, 12, 13, 14]
				},
				{
					"name": "door_upper_inner",
					"origin": [8, 8, 8],
					"color": 0,
					"children": [15, 16, 17, 18, 19, 20, 21, 22, 23, 24, 25, 26, 27, 28, 29, 30, 31]
				}
			]
		}
	]
}