{
	"credit": "Made with Blockbench",
	"parent": "minecraft:block/door_bottom",
	"ambientocclusion": false,
	"textures": {
		"4": "block/oak_planks",
		"5": "block/acacia_planks",
		"particle": "#4"
	},
	"elements": [
		{
			"name": "door_lower_inner_0",
			"from": [0, 0, 2],
			"to": [3, 13, 14],
			"faces": {
				"east": {"uv": [2, 3, 14, 16], "texture": "#4"},
				"west": {"uv": [2, 3, 14, 16], "texture": "#4", "cullface": "west"},
				"down": {"uv": [2, 13, 14, 16], "rotation": 270, "texture": "#4", "cullface": "down"}
			}
		},
		{
			"name": "door_lower_outer_0",
			"from": [0, 0, 14],
			"to": [3, 16, 16],
			"faces": {
				"east": {"uv": [0, 0, 2, 16], "texture": "#5"},
				"south": {"uv": [0, 0, 3, 16], "texture": "#5", "cullface": "south"},
				"west": {"uv": [14, 0, 16, 16], "texture": "#5", "cullface": "west"},
				"up": {"uv": [0, 0, 2, 3], "rotation": 270, "texture": "#5", "cullface": "up"},
				"down": {"uv": [14, 13, 16, 16], "rotation": 270, "texture": "#5", "cullface": "down"}
			}
		},
		{
			"name": "door_lower_outer_1",
			"from": [0, 0, 0],
			"to": [3, 16, 2],
			"faces": {
				"north": {"uv": [13, 0, 16, 16], "texture": "#5", "cullface": "north"},
				"east": {"uv": [14, 0, 16, 16], "texture": "#5"},
				"west": {"uv": [0, 0, 2, 16], "texture": "#5", "cullface": "west"},
				"up": {"uv": [14, 0, 16, 3], "rotation": 270, "texture": "#5", "cullface": "up"},
				"down": {"uv": [0, 13, 2, 16], "rotation": 270, "texture": "#5", "cullface": "down"}
			}
		},
		{
			"name": "door_lower_outer_2",
			"from": [0, 13, 2],
			"to": [3, 16, 14],
			"faces": {
				"east": {"uv": [2, 0, 14, 3], "texture": "#5"},
				"west": {"uv": [2, 0, 14, 3], "texture": "#5", "cullface": "west"},
				"up": {"uv": [2, 0, 14, 3], "rotation": 270, "texture": "#5", "cullface": "up"}
			}
		}
	],
	"groups": [
		{
			"name": "door_lower",
			"origin": [8, 8, 8],
			"color": 0,
			"children": [
				{
					"name": "door_lower_inner",
					"origin": [8, 8, 8],
					"color": 0,
					"children": [0]
				},
				{
					"name": "door_lower_outer",
					"origin": [8, 8, 8],
					"color": 0,
					"children": [1, 2, 3]
				}
			]
		}
	]
}