{
	"credit": "Made with Blockbench",
	"ambientocclusion": false,
	"textures": {
		"2": "block/oak_planks"
	},
	"elements": [
		{
			"name": "iron_door_top_0",
			"from": [0, 29, 6.5],
			"to": [16, 32, 9.5],
			"rotation": {"angle": 0, "axis": "y", "origin": [16, 0, 0]},
			"faces": {
				"north": {"uv": [0, 0, 16, 3], "texture": "#2"},
				"east": {"uv": [0, 0, 3, 3], "texture": "#2"},
				"south": {"uv": [0, 3, 16, 0], "rotation": 180, "texture": "#2"},
				"west": {"uv": [15, 0, 16, 3], "texture": "#2"},
				"up": {"uv": [16, 0, 0, 3], "texture": "#2"},
				"down": {"uv": [0, 2, 16, 5], "rotation": 180, "texture": "#2"}
			}
		},
		{
			"name": "iron_door_top_1",
			"from": [13, 16, 6.5],
			"to": [16, 29, 9.5],
			"rotation": {"angle": 0, "axis": "y", "origin": [16, 0, 0]},
			"faces": {
				"north": {"uv": [0, 3, 3, 16], "texture": "#2"},
				"east": {"uv": [0, 3, 3, 16], "texture": "#2"},
				"south": {"uv": [0, 16, 3, 3], "rotation": 180, "texture": "#2"},
				"west": {"uv": [13, 3, 16, 16], "texture": "#2"}
			}
		},
		{
			"name": "iron_door_top_2",
			"from": [7, 16, 6.5],
			"to": [9, 29, 9.5],
			"rotation": {"angle": 0, "axis": "y", "origin": [16, 0, 0]},
			"faces": {
				"north": {"uv": [7, 3, 9, 16], "texture": "#2"},
				"east": {"uv": [0, 3, 3, 16], "texture": "#2"},
				"south": {"uv": [7, 16, 9, 3], "rotation": 180, "texture": "#2"},
				"west": {"uv": [13, 3, 16, 16], "texture": "#2"}
			}
		},
		{
			"name": "iron_door_top_3",
			"from": [0, 16, 6.5],
			"to": [3, 29, 9.5],
			"rotation": {"angle": 0, "axis": "y", "origin": [16, 0, 0]},
			"faces": {
				"north": {"uv": [13, 3, 16, 16], "texture": "#2"},
				"east": {"uv": [0, 3, 3, 16], "texture": "#2"},
				"south": {"uv": [13, 16, 16, 3], "rotation": 180, "texture": "#2"},
				"west": {"uv": [13, 3, 16, 16], "texture": "#2"}
			}
		},
		{
			"name": "iron_door_top_4",
			"from": [9, 24, 6.5],
			"to": [13, 26, 9.5],
			"rotation": {"angle": 0, "axis": "y", "origin": [16, 0, 0]},
			"faces": {
				"north": {"uv": [3, 6, 7, 8], "texture": "#2"},
				"south": {"uv": [3, 8, 7, 6], "rotation": 180, "texture": "#2"},
				"up": {"uv": [7, 6, 3, 9], "texture": "#2"},
				"down": {"uv": [3, 7, 7, 10], "rotation": 180, "texture": "#2"}
			}
		},
		{
			"name": "iron_door_top_5",
			"from": [3, 24, 6.5],
			"to": [7, 26, 9.5],
			"rotation": {"angle": 0, "axis": "y", "origin": [16, 0, 0]},
			"faces": {
				"north": {"uv": [9, 6, 13, 8], "texture": "#2"},
				"south": {"uv": [9, 8, 13, 6], "rotation": 180, "texture": "#2"},
				"up": {"uv": [13, 6, 9, 9], "texture": "#2"},
				"down": {"uv": [9, 7, 13, 10], "rotation": 180, "texture": "#2"}
			}
		},
		{
			"name": "iron_door_top_6",
			"from": [9, 16, 6.5],
			"to": [13, 21, 9.5],
			"rotation": {"angle": 0, "axis": "y", "origin": [16, 0, 0]},
			"faces": {
				"north": {"uv": [3, 11, 7, 16], "texture": "#2"},
				"south": {"uv": [3, 16, 7, 11], "rotation": 180, "texture": "#2"},
				"up": {"uv": [7, 11, 3, 14], "texture": "#2"}
			}
		},
		{
			"name": "iron_door_top_7",
			"from": [3, 16, 6.5],
			"to": [7, 21, 9.5],
			"rotation": {"angle": 0, "axis": "y", "origin": [16, 0, 0]},
			"faces": {
				"north": {"uv": [9, 11, 13, 16], "texture": "#2"},
				"south": {"uv": [9, 16, 13, 11], "rotation": 180, "texture": "#2"},
				"up": {"uv": [13, 11, 9, 14], "texture": "#2"}
			}
		},
		{
			"name": "birch_door_bottom_0",
			"from": [0, 0, 6.5],
			"to": [16, 16, 9.5],
			"rotation": {"angle": 0, "axis": "y", "origin": [8, 8, 8]},
			"faces": {
				"north": {"uv": [0, 0, 16, 16], "texture": "#2"},
				"east": {"uv": [0, 0, 3, 16], "texture": "#2"},
				"south": {"uv": [0, 16, 16, 0], "rotation": 180, "texture": "#2"},
				"west": {"uv": [13, 0, 16, 16], "texture": "#2"},
				"down": {"uv": [0, 13, 16, 16], "rotation": 180, "texture": "#2"}
			}
		}
	],
	"display": {
		"thirdperson_righthand": {
			"rotation": [75, 45, 0],
			"translation": [0.5, 0.75, 0],
			"scale": [0.25, 0.25, 0.25]
		},
		"thirdperson_lefthand": {
			"rotation": [75, 45, 0],
			"translation": [0.5, 0.75, 0],
			"scale": [0.25, 0.25, 0.25]
		},
		"firstperson_righthand": {
			"rotation": [0, 135, 0],
			"scale": [0.35, 0.35, 0.35]
		},
		"firstperson_lefthand": {
			"rotation": [0, 135, 0],
			"scale": [0.35, 0.35, 0.35]
		},
		"ground": {
			"translation": [0, 3, 0],
			"scale": [0.25, 0.25, 0.25]
		},
		"gui": {
			"rotation": [30, 225, 0],
			"translation": [0, -3, 0],
			"scale": [0.45, 0.45, 0.45]
		},
		"head": {
			"rotation": [0, 180, 0],
			"translation": [0, 1.5, -5.5]
		},
		"fixed": {
			"translation": [0, -4, 0],
			"scale": [0.5, 0.5, 0.5]
		}
	},
	"groups": [
		{
			"name": "door_top_waffle_spec",
			"origin": [8, 8, 8],
			"color": 0,
			"children": [
				{
					"name": "iron_door_top",
					"origin": [8, 8, 8],
					"color": 0,
					"children": [0, 1, 2, 3, 4, 5, 6, 7]
				}
			]
		},
		{
			"name": "door_waffle_spec",
			"origin": [8, 8, 8],
			"color": 0,
			"children": [
				{
					"name": "birch_door_bottom",
					"origin": [8, 8, 8],
					"color": 0,
					"children": [8]
				}
			]
		}
	]
}