{
	"credit": "Made with Blockbench",
    "gui_light": "front",
	"ambientocclusion": false,
	"textures": {
		"2": "block/oak_planks",
		"particle": "block/oak_planks"
	},
	"elements": [
		{
			"name": "birch_door_bottom_0",
			"from": [0, 16, 6.5],
			"to": [16, 32, 9.5],
			"faces": {
				"north": {"uv": [0, 0, 16, 16], "texture": "#2"},
				"east": {"uv": [0, 0, 3, 16], "texture": "#2"},
				"south": {"uv": [0, 16, 16, 0], "rotation": 180, "texture": "#2"},
				"west": {"uv": [13, 0, 16, 16], "texture": "#2"},
				"up": {"uv": [16, 0, 0, 3], "texture": "#2"}
			}
		},
		{
			"name": "birch_door_bottom_0",
			"from": [0, 0, 6.5],
			"to": [16, 16, 9.5],
			"faces": {
				"north": {"uv": [0, 0, 16, 16], "texture": "#2"},
				"east": {"uv": [0, 0, 3, 16], "texture": "#2"},
				"south": {"uv": [0, 16, 16, 0], "rotation": 180, "texture": "#2"},
				"west": {"uv": [13, 0, 16, 16], "texture": "#2"},
				"down": {"uv": [0, 13, 16, 16], "rotation": 180, "texture": "#2"}
			}
		}
	],
	"gui_light": "front",
	"display": {
		"thirdperson_righthand": {
			"translation": [0, 0, 1],
			"scale": [0.22, 0.22, 0.22]
		},
		"thirdperson_lefthand": {
			"translation": [0, 0, 1],
			"scale": [0.22, 0.22, 0.22]
		},
		"firstperson_righthand": {
			"rotation": [0, -90, 25],
			"translation": [1.25, -0.5, 1],
			"scale": [0.34, 0.34, 0.34]
		},
		"firstperson_lefthand": {
			"rotation": [0, -90, 25],
			"translation": [1.25, -0.5, 1],
			"scale": [0.34, 0.34, 0.34]
		},
		"ground": {
			"translation": [0, 3, 0],
			"scale": [0.25, 0.25, 0.25]
		},
		"gui": {
			"translation": [0, -3.5, 0],
			"scale": [0.45, 0.45, 0.45]
		},
		"head": {
			"rotation": [0, 180, 0],
			"translation": [0, 1.5, -5.5]
		},
		"fixed": {
			"translation": [0, -4, 0],
			"scale": [0.5, 0.5, 0.5]
		}
	},
	"groups": [
		{
			"name": "door_top_full_spec",
			"origin": [8, 8, 8],
			"color": 0,
			"children": [
				{
					"name": "birch_door_bottom",
					"origin": [8, 8, 8],
					"color": 0,
					"children": [0]
				}
			]
		},
		{
			"name": "door_full_spec",
			"origin": [8, 8, 8],
			"color": 0,
			"children": [
				{
					"name": "birch_door_bottom",
					"origin": [8, 8, 8],
					"color": 0,
					"children": [1]
				}
			]
		}
	]
}