{
	"credit": "Made with Blockbench",
    "gui_light": "front",
	"ambientocclusion": false,
	"textures": {
		"0": "block/oak_planks"
	},
	"elements": [
		{
			"name": "jungle_door_top_0",
			"from": [11, 27, 6.5],
			"to": [16, 32, 9.5],
			"rotation": {"angle": 0, "axis": "y", "origin": [16, 0, 0]},
			"faces": {
				"north": {"uv": [0, 0, 5, 5], "texture": "#0"},
				"east": {"uv": [0, 0, 3, 5], "texture": "#0"},
				"south": {"uv": [0, 5, 5, 0], "rotation": 180, "texture": "#0"},
				"west": {"uv": [4, 0, 7, 5], "texture": "#0"},
				"up": {"uv": [5, 0, 0, 3], "texture": "#0"},
				"down": {"uv": [0, 4, 5, 7], "rotation": 180, "texture": "#0"}
			}
		},
		{
			"name": "jungle_door_top_1",
			"from": [0, 29, 6.5],
			"to": [11, 32, 9.5],
			"rotation": {"angle": 0, "axis": "y", "origin": [16, 0, 0]},
			"faces": {
				"north": {"uv": [5, 0, 16, 3], "texture": "#0"},
				"south": {"uv": [5, 3, 16, 0], "rotation": 180, "texture": "#0"},
				"west": {"uv": [13, 0, 16, 3], "texture": "#0"},
				"up": {"uv": [16, 0, 5, 3], "texture": "#0"},
				"down": {"uv": [5, 2, 16, 5], "rotation": 180, "texture": "#0"}
			}
		},
		{
			"name": "jungle_door_top_2",
			"from": [9, 28, 6.5],
			"to": [11, 29, 9.5],
			"rotation": {"angle": 0, "axis": "y", "origin": [16, 0, 0]},
			"faces": {
				"north": {"uv": [5, 3, 7, 4], "texture": "#0"},
				"south": {"uv": [5, 4, 7, 3], "rotation": 180, "texture": "#0"},
				"west": {"uv": [6, 3, 9, 4], "texture": "#0"},
				"down": {"uv": [5, 3, 7, 6], "rotation": 180, "texture": "#0"}
			}
		},
		{
			"name": "jungle_door_top_3",
			"from": [0, 28, 6.5],
			"to": [7, 29, 9.5],
			"rotation": {"angle": 0, "axis": "y", "origin": [16, 0, 0]},
			"faces": {
				"north": {"uv": [9, 3, 16, 4], "texture": "#0"},
				"east": {"uv": [9, 3, 12, 4], "texture": "#0"},
				"south": {"uv": [9, 4, 16, 3], "rotation": 180, "texture": "#0"},
				"west": {"uv": [13, 3, 16, 4], "texture": "#0"},
				"down": {"uv": [9, 3, 16, 6], "rotation": 180, "texture": "#0"}
			}
		},
		{
			"name": "jungle_door_top_4",
			"from": [9, 22, 6.5],
			"to": [10, 28, 9.5],
			"rotation": {"angle": 0, "axis": "y", "origin": [16, 0, 0]},
			"faces": {
				"north": {"uv": [6, 4, 7, 10], "texture": "#0"},
				"east": {"uv": [6, 4, 9, 10], "texture": "#0"},
				"south": {"uv": [6, 10, 7, 4], "rotation": 180, "texture": "#0"},
				"west": {"uv": [6, 4, 9, 10], "texture": "#0"},
				"down": {"uv": [6, 9, 7, 12], "rotation": 180, "texture": "#0"}
			}
		},
		{
			"name": "jungle_door_top_5",
			"from": [6, 22, 6.5],
			"to": [7, 28, 9.5],
			"rotation": {"angle": 0, "axis": "y", "origin": [16, 0, 0]},
			"faces": {
				"north": {"uv": [9, 4, 10, 10], "texture": "#0"},
				"east": {"uv": [9, 4, 12, 10], "texture": "#0"},
				"south": {"uv": [9, 10, 10, 4], "rotation": 180, "texture": "#0"},
				"west": {"uv": [9, 4, 12, 10], "texture": "#0"},
				"down": {"uv": [9, 9, 10, 12], "rotation": 180, "texture": "#0"}
			}
		},
		{
			"name": "jungle_door_top_6",
			"from": [0, 27, 6.5],
			"to": [5, 28, 9.5],
			"rotation": {"angle": 0, "axis": "y", "origin": [16, 0, 0]},
			"faces": {
				"north": {"uv": [11, 4, 16, 5], "texture": "#0"},
				"east": {"uv": [11, 4, 14, 5], "texture": "#0"},
				"south": {"uv": [11, 5, 16, 4], "rotation": 180, "texture": "#0"},
				"west": {"uv": [13, 4, 16, 5], "texture": "#0"},
				"down": {"uv": [11, 4, 16, 7], "rotation": 180, "texture": "#0"}
			}
		},
		{
			"name": "jungle_door_top_7",
			"from": [12, 16, 6.5],
			"to": [16, 27, 9.5],
			"rotation": {"angle": 0, "axis": "y", "origin": [16, 0, 0]},
			"faces": {
				"north": {"uv": [0, 5, 4, 16], "texture": "#0"},
				"east": {"uv": [0, 5, 3, 16], "texture": "#0"},
				"south": {"uv": [0, 16, 4, 5], "rotation": 180, "texture": "#0"},
				"west": {"uv": [3, 5, 6, 16], "texture": "#0"}
			}
		},
		{
			"name": "jungle_door_top_8",
			"from": [0, 16, 6.5],
			"to": [4, 27, 9.5],
			"rotation": {"angle": 0, "axis": "y", "origin": [16, 0, 0]},
			"faces": {
				"north": {"uv": [12, 5, 16, 16], "texture": "#0"},
				"east": {"uv": [12, 5, 15, 16], "texture": "#0"},
				"south": {"uv": [12, 16, 16, 5], "rotation": 180, "texture": "#0"},
				"west": {"uv": [13, 5, 16, 16], "texture": "#0"}
			}
		},
		{
			"name": "jungle_door_top_9",
			"from": [10, 16, 6.5],
			"to": [12, 24, 9.5],
			"rotation": {"angle": 0, "axis": "y", "origin": [16, 0, 0]},
			"faces": {
				"north": {"uv": [4, 8, 6, 16], "texture": "#0"},
				"south": {"uv": [4, 16, 6, 8], "rotation": 180, "texture": "#0"},
				"west": {"uv": [5, 8, 8, 16], "texture": "#0"},
				"up": {"uv": [6, 8, 4, 11], "texture": "#0"}
			}
		},
		{
			"name": "jungle_door_top_10",
			"from": [7, 22, 6.5],
			"to": [9, 24, 9.5],
			"rotation": {"angle": 0, "axis": "y", "origin": [16, 0, 0]},
			"faces": {
				"north": {"uv": [7, 8, 9, 10], "texture": "#0"},
				"south": {"uv": [7, 10, 9, 8], "rotation": 180, "texture": "#0"},
				"up": {"uv": [9, 8, 7, 11], "texture": "#0"},
				"down": {"uv": [7, 9, 9, 12], "rotation": 180, "texture": "#0"}
			}
		},
		{
			"name": "jungle_door_top_11",
			"from": [4, 16, 6.5],
			"to": [6, 24, 9.5],
			"rotation": {"angle": 0, "axis": "y", "origin": [16, 0, 0]},
			"faces": {
				"north": {"uv": [10, 8, 12, 16], "texture": "#0"},
				"east": {"uv": [10, 8, 13, 16], "texture": "#0"},
				"south": {"uv": [10, 16, 12, 8], "rotation": 180, "texture": "#0"},
				"up": {"uv": [12, 8, 10, 11], "texture": "#0"}
			}
		},
		{
			"name": "jungle_door_top_12",
			"from": [9, 16, 6.5],
			"to": [10, 21, 9.5],
			"rotation": {"angle": 0, "axis": "y", "origin": [16, 0, 0]},
			"faces": {
				"north": {"uv": [6, 11, 7, 16], "texture": "#0"},
				"south": {"uv": [6, 16, 7, 11], "rotation": 180, "texture": "#0"},
				"west": {"uv": [6, 11, 9, 16], "texture": "#0"},
				"up": {"uv": [7, 11, 6, 14], "texture": "#0"}
			}
		},
		{
			"name": "jungle_door_top_13",
			"from": [6, 16, 6.5],
			"to": [7, 21, 9.5],
			"rotation": {"angle": 0, "axis": "y", "origin": [16, 0, 0]},
			"faces": {
				"north": {"uv": [9, 11, 10, 16], "texture": "#0"},
				"east": {"uv": [9, 11, 12, 16], "texture": "#0"},
				"south": {"uv": [9, 16, 10, 11], "rotation": 180, "texture": "#0"},
				"up": {"uv": [10, 11, 9, 14], "texture": "#0"}
			}
		},
		{
			"name": "jungle_door_top_14",
			"from": [7, 16, 6.5],
			"to": [9, 20, 9.5],
			"rotation": {"angle": 0, "axis": "y", "origin": [16, 0, 0]},
			"faces": {
				"north": {"uv": [7, 12, 9, 16], "texture": "#0"},
				"south": {"uv": [7, 16, 9, 12], "rotation": 180, "texture": "#0"},
				"up": {"uv": [9, 12, 7, 15], "texture": "#0"}
			}
		},
		{
			"name": "birch_door_bottom_0",
			"from": [0, 0, 6.5],
			"to": [16, 16, 9.5],
			"rotation": {"angle": 0, "axis": "y", "origin": [8, 8, 8]},
			"faces": {
				"north": {"uv": [0, 0, 16, 16], "texture": "#0"},
				"east": {"uv": [0, 0, 3, 16], "texture": "#0"},
				"south": {"uv": [0, 16, 16, 0], "rotation": 180, "texture": "#0"},
				"west": {"uv": [13, 0, 16, 16], "texture": "#0"},
				"down": {"uv": [0, 13, 16, 16], "rotation": 180, "texture": "#0"}
			}
		}
	],
	"gui_light": "front",
	"display": {
		"thirdperson_righthand": {
			"translation": [0, 0, 1],
			"scale": [0.22, 0.22, 0.22]
		},
		"thirdperson_lefthand": {
			"translation": [0, 0, 1],
			"scale": [0.22, 0.22, 0.22]
		},
		"firstperson_righthand": {
			"rotation": [0, -90, 25],
			"translation": [1.25, -0.5, 1],
			"scale": [0.34, 0.34, 0.34]
		},
		"firstperson_lefthand": {
			"rotation": [0, -90, 25],
			"translation": [1.25, -0.5, 1],
			"scale": [0.34, 0.34, 0.34]
		},
		"ground": {
			"translation": [0, 3, 0],
			"scale": [0.25, 0.25, 0.25]
		},
		"gui": {
			"translation": [0, -3.5, 0],
			"scale": [0.45, 0.45, 0.45]
		},
		"head": {
			"rotation": [0, 180, 0],
			"translation": [0, 1.5, -5.5]
		},
		"fixed": {
			"translation": [0, -4, 0],
			"scale": [0.5, 0.5, 0.5]
		}
	},
	"groups": [
		{
			"name": "jungle_door_top",
			"origin": [8, 8, 8],
			"color": 0,
			"children": [0, 1, 2, 3, 4, 5, 6, 7, 8, 9, 10, 11, 12, 13, 14]
		},
		{
			"name": "door_port_manteau_spec",
			"origin": [8, 8, 8],
			"color": 0,
			"children": [
				{
					"name": "birch_door_bottom",
					"origin": [8, 8, 8],
					"color": 0,
					"children": [15]
				}
			]
		}
	]
}