{
	"credit": "Made with Blockbench",
    "gui_light": "front",
	"ambientocclusion": false,
	"textures": {
		"1": "block/oak_planks"
	},
	"elements": [
		{
			"name": "acacia_door_top_0",
			"from": [0, 28, 6.5],
			"to": [16, 31, 9.5],
			"rotation": {"angle": 0, "axis": "y", "origin": [16, 0, 0]},
			"faces": {
				"north": {"uv": [0, 0, 16, 3], "texture": "#1"},
				"east": {"uv": [0, 0, 3, 3], "texture": "#1"},
				"south": {"uv": [0, 3, 16, 0], "rotation": 180, "texture": "#1"},
				"west": {"uv": [13, 0, 16, 3], "texture": "#1"},
				"up": {"uv": [16, 0, 0, 3], "texture": "#1"},
				"down": {"uv": [0, 2, 16, 5], "rotation": 180, "texture": "#1"}
			}
		},
		{
			"name": "acacia_door_top_1",
			"from": [13, 16, 6.5],
			"to": [16, 28, 9.5],
			"rotation": {"angle": 0, "axis": "y", "origin": [16, 0, 0]},
			"faces": {
				"north": {"uv": [0, 4, 3, 16], "texture": "#1"},
				"east": {"uv": [0, 3, 3, 16], "texture": "#1"},
				"south": {"uv": [0, 16, 3, 4], "rotation": 180, "texture": "#1"},
				"west": {"uv": [13, 4, 16, 16], "texture": "#1"}
			}
		},
		{
			"name": "acacia_door_top_2",
			"from": [9, 16, 6.5],
			"to": [11, 28, 9.5],
			"rotation": {"angle": 0, "axis": "y", "origin": [16, 0, 0]},
			"faces": {
				"north": {"uv": [5, 4, 7, 16], "texture": "#1"},
				"east": {"uv": [0, 4, 3, 16], "texture": "#1"},
				"south": {"uv": [5, 16, 7, 4], "rotation": 180, "texture": "#1"},
				"west": {"uv": [13, 4, 16, 16], "texture": "#1"}
			}
		},
		{
			"name": "acacia_door_top_3",
			"from": [5, 16, 6.5],
			"to": [7, 28, 9.5],
			"rotation": {"angle": 0, "axis": "y", "origin": [16, 0, 0]},
			"faces": {
				"north": {"uv": [9, 4, 11, 16], "texture": "#1"},
				"east": {"uv": [0, 4, 3, 16], "texture": "#1"},
				"south": {"uv": [9, 16, 11, 4], "rotation": 180, "texture": "#1"},
				"west": {"uv": [13, 4, 16, 16], "texture": "#1"}
			}
		},
		{
			"name": "acacia_door_top_4",
			"from": [0, 16, 6.5],
			"to": [3, 28, 9.5],
			"rotation": {"angle": 0, "axis": "y", "origin": [16, 0, 0]},
			"faces": {
				"north": {"uv": [13, 3, 16, 16], "texture": "#1"},
				"east": {"uv": [0, 4, 3, 16], "texture": "#1"},
				"south": {"uv": [13, 16, 16, 4], "rotation": 180, "texture": "#1"},
				"west": {"uv": [13, 4, 16, 16], "texture": "#1"}
			}
		},
		{
			"name": "acacia_door_top_5",
			"from": [11, 16, 6.5],
			"to": [13, 17, 9.5],
			"rotation": {"angle": 0, "axis": "y", "origin": [16, 0, 0]},
			"faces": {
				"north": {"uv": [3, 15, 5, 16], "texture": "#1"},
				"south": {"uv": [3, 16, 5, 15], "rotation": 180, "texture": "#1"},
				"up": {"uv": [5, 13, 3, 16], "texture": "#1"}
			}
		},
		{
			"name": "acacia_door_top_6",
			"from": [7, 16, 6.5],
			"to": [9, 17, 9.5],
			"rotation": {"angle": 0, "axis": "y", "origin": [16, 0, 0]},
			"faces": {
				"north": {"uv": [7, 15, 9, 16], "texture": "#1"},
				"south": {"uv": [7, 16, 9, 15], "rotation": 180, "texture": "#1"},
				"up": {"uv": [9, 13, 7, 16], "texture": "#1"}
			}
		},
		{
			"name": "acacia_door_top_7",
			"from": [3, 16, 6.5],
			"to": [5, 17, 9.5],
			"rotation": {"angle": 0, "axis": "y", "origin": [16, 0, 0]},
			"faces": {
				"north": {"uv": [11, 15, 13, 16], "texture": "#1"},
				"south": {"uv": [11, 16, 13, 15], "rotation": 180, "texture": "#1"},
				"up": {"uv": [13, 13, 11, 16], "texture": "#1"}
			}
		},
		{
			"name": "acacia_door_bottom_0",
			"from": [13, 0, 6.5],
			"to": [16, 16, 9.5],
			"rotation": {"angle": 0, "axis": "y", "origin": [16, 0, 0]},
			"faces": {
				"north": {"uv": [0, 0, 3, 16], "texture": "#1"},
				"east": {"uv": [0, 0, 3, 16], "texture": "#1"},
				"south": {"uv": [0, 16, 3, 0], "rotation": 180, "texture": "#1"},
				"west": {"uv": [2, 0, 3, 16], "texture": "#1"},
				"down": {"uv": [0, 13, 3, 16], "rotation": 180, "texture": "#1"}
			}
		},
		{
			"name": "acacia_door_bottom_1",
			"from": [0, 15, 6.5],
			"to": [13, 16, 9.5],
			"rotation": {"angle": 0, "axis": "y", "origin": [16, 0, 0]},
			"faces": {
				"north": {"uv": [3, 0, 16, 1], "texture": "#1"},
				"south": {"uv": [3, 1, 16, 0], "rotation": 180, "texture": "#1"},
				"west": {"uv": [13, 0, 16, 1], "texture": "#1"},
				"down": {"uv": [3, 0, 16, 3], "rotation": 180, "texture": "#1"}
			}
		},
		{
			"name": "acacia_door_bottom_2",
			"from": [9, 0, 6.5],
			"to": [11, 15, 9.5],
			"rotation": {"angle": 0, "axis": "y", "origin": [8, 8, 8]},
			"faces": {
				"north": {"uv": [5, 1, 7, 16], "texture": "#1"},
				"east": {"uv": [0, 1, 3, 16], "texture": "#1"},
				"south": {"uv": [5, 16, 7, 1], "rotation": 180, "texture": "#1"},
				"west": {"uv": [6, 1, 7, 16], "texture": "#1"},
				"down": {"uv": [5, 13, 7, 16], "rotation": 180, "texture": "#1"}
			}
		},
		{
			"name": "acacia_door_bottom_3",
			"from": [5, 0, 6.5],
			"to": [7, 15, 9.5],
			"rotation": {"angle": 0, "axis": "y", "origin": [16, 0, 0]},
			"faces": {
				"north": {"uv": [9, 1, 11, 16], "texture": "#1"},
				"east": {"uv": [0, 1, 3, 16], "texture": "#1"},
				"south": {"uv": [9, 16, 11, 1], "rotation": 180, "texture": "#1"},
				"west": {"uv": [10, 1, 11, 16], "texture": "#1"},
				"down": {"uv": [9, 13, 11, 16], "rotation": 180, "texture": "#1"}
			}
		},
		{
			"name": "acacia_door_bottom_4",
			"from": [0, 0, 6.5],
			"to": [3, 15, 9.5],
			"rotation": {"angle": 0, "axis": "y", "origin": [16, 0, 0]},
			"faces": {
				"north": {"uv": [13, 1, 16, 16], "texture": "#1"},
				"east": {"uv": [0, 1, 3, 16], "texture": "#1"},
				"south": {"uv": [13, 16, 16, 1], "rotation": 180, "texture": "#1"},
				"west": {"uv": [13, 1, 16, 16], "texture": "#1"},
				"down": {"uv": [13, 13, 16, 16], "rotation": 180, "texture": "#1"}
			}
		},
		{
			"name": "acacia_door_bottom_5",
			"from": [11, 0, 6.5],
			"to": [13, 3, 9.5],
			"rotation": {"angle": 0, "axis": "y", "origin": [16, 0, 0]},
			"faces": {
				"north": {"uv": [3, 13, 5, 16], "texture": "#1"},
				"south": {"uv": [3, 16, 5, 13], "rotation": 180, "texture": "#1"},
				"up": {"uv": [5, 13, 3, 16], "texture": "#1"},
				"down": {"uv": [3, 13, 5, 16], "rotation": 180, "texture": "#1"}
			}
		},
		{
			"name": "acacia_door_bottom_6",
			"from": [7, 0, 6.5],
			"to": [9, 3, 9.5],
			"rotation": {"angle": 0, "axis": "y", "origin": [16, 0, 0]},
			"faces": {
				"north": {"uv": [7, 13, 9, 16], "texture": "#1"},
				"south": {"uv": [7, 16, 9, 13], "rotation": 180, "texture": "#1"},
				"up": {"uv": [9, 13, 7, 16], "texture": "#1"},
				"down": {"uv": [7, 13, 9, 16], "rotation": 180, "texture": "#1"}
			}
		},
		{
			"name": "acacia_door_bottom_7",
			"from": [3, 0, 6.5],
			"to": [5, 3, 9.5],
			"rotation": {"angle": 0, "axis": "y", "origin": [16, 0, 0]},
			"faces": {
				"north": {"uv": [11, 13, 13, 16], "texture": "#1"},
				"south": {"uv": [11, 16, 13, 13], "rotation": 180, "texture": "#1"},
				"up": {"uv": [13, 13, 11, 16], "texture": "#1"},
				"down": {"uv": [11, 13, 13, 16], "rotation": 180, "texture": "#1"}
			}
		}
	],
	"gui_light": "front",
	"display": {
		"thirdperson_righthand": {
			"translation": [0, 0, 1],
			"scale": [0.22, 0.22, 0.22]
		},
		"thirdperson_lefthand": {
			"translation": [0, 0, 1],
			"scale": [0.22, 0.22, 0.22]
		},
		"firstperson_righthand": {
			"rotation": [0, -90, 25],
			"translation": [1.25, -0.5, 1],
			"scale": [0.34, 0.34, 0.34]
		},
		"firstperson_lefthand": {
			"rotation": [0, -90, 25],
			"translation": [1.25, -0.5, 1],
			"scale": [0.34, 0.34, 0.34]
		},
		"ground": {
			"translation": [0, 3, 0],
			"scale": [0.25, 0.25, 0.25]
		},
		"gui": {
			"translation": [0, -3.5, 0],
			"scale": [0.45, 0.45, 0.45]
		},
		"head": {
			"rotation": [0, 180, 0],
			"translation": [0, 1.5, -5.5]
		},
		"fixed": {
			"translation": [0, -4, 0],
			"scale": [0.5, 0.5, 0.5]
		}
	},
	"groups": [
		{
			"name": "door_top_vertically_striped_spec",
			"origin": [8, 8, 8],
			"color": 0,
			"children": [
				{
					"name": "acacia_door_top",
					"origin": [8, 8, 8],
					"color": 0,
					"children": [0, 1, 2, 3, 4, 5, 6, 7]
				}
			]
		},
		{
			"name": "door_vertically_striped_spec",
			"origin": [8, 8, 8],
			"color": 0,
			"children": [
				{
					"name": "acacia_door_bottom",
					"origin": [8, 8, 8],
					"color": 0,
					"children": [8, 9, 10, 11, 12, 13, 14, 15]
				}
			]
		}
	]
}