{
	"credit": "Made with Blockbench",
	"textures": {
		"0": "block/oak_log",
		"1": "block/glass",
		"2": "block/stone",
		"3": "block/oak_planks",
		"4": "structurize:blocks/barrel_block/compost",
		"particle": "block/oak_log"
	},
	"elements": [
		{
			"name": "compostTop",
			"from": [2, 1, 2],
			"to": [14, 17, 14],
			"faces": {
				"up": {"uv": [0, 0, 16, 16], "texture": "#4"}
			}
		},
		{
			"name": "base",
			"from": [0, 0, 0],
			"to": [16, 1, 16],
			"faces": {
				"north": {"uv": [0, 0, 16, 1], "texture": "#0"},
				"east": {"uv": [0, 0, 16, 1], "texture": "#0"},
				"south": {"uv": [0, 0, 16, 1], "texture": "#0"},
				"west": {"uv": [0, 0, 16, 1], "texture": "#0"},
				"up": {"uv": [0, 0, 16, 16], "texture": "#0"},
				"down": {"uv": [0, 0, 16, 16], "texture": "#0"}
			}
		},
		{
			"name": "faceW",
			"from": [1, 1, 1],
			"to": [2, 22, 15],
			"faces": {
				"north": {"uv": [0, 0, 1, 16], "texture": "#3"},
				"east": {"uv": [0, 0, 16, 16], "texture": "#3"},
				"south": {"uv": [0, 0, 1, 16], "texture": "#3"},
				"west": {"uv": [0, 0, 16, 16], "texture": "#3"},
				"up": {"uv": [14, 1, 15, 15], "texture": "#3"}
			}
		},
		{
			"name": "faceE",
			"from": [14, 1, 1],
			"to": [15, 22, 15],
			"faces": {
				"north": {"uv": [0, 0, 1, 16], "texture": "#3"},
				"east": {"uv": [0, 0, 16, 16], "texture": "#3"},
				"south": {"uv": [0, 0, 1, 16], "texture": "#3"},
				"west": {"uv": [0, 0, 16, 16], "texture": "#3"},
				"up": {"uv": [1, 1, 2, 15], "texture": "#3"}
			}
		},
		{
			"name": "faceNW",
			"from": [2, 1, 1],
			"to": [7, 22, 2],
			"faces": {
				"north": {"uv": [0, 0, 5, 16], "texture": "#3"},
				"south": {"uv": [0, 0, 5, 16], "texture": "#3"},
				"up": {"uv": [9, 14, 14, 15], "rotation": 180, "texture": "#3"}
			}
		},
		{
			"name": "faceS",
			"from": [2, 1, 14],
			"to": [14, 22, 15],
			"faces": {
				"north": {"uv": [0, 0, 16, 16], "texture": "#3"},
				"south": {"uv": [0, 0, 16, 16], "texture": "#3"},
				"up": {"uv": [2, 1, 14, 2], "rotation": 180, "texture": "#3"}
			}
		},
		{
			"name": "postSW",
			"from": [0, 1, 15],
			"to": [1, 21, 16],
			"faces": {
				"north": {"uv": [13, 0, 14, 16], "texture": "#0"},
				"east": {"uv": [2, 0, 3, 16], "texture": "#0"},
				"south": {"uv": [1, 0, 2, 16], "texture": "#0"},
				"west": {"uv": [14, 0, 15, 16], "texture": "#0"},
				"up": {"uv": [0, 0, 1, 1], "texture": "#0"}
			}
		},
		{
			"name": "postSE",
			"from": [15, 1, 15],
			"to": [16, 21, 16],
			"faces": {
				"north": {"uv": [2, 0, 3, 16], "texture": "#0"},
				"east": {"uv": [1, 0, 2, 16], "texture": "#0"},
				"south": {"uv": [14, 0, 15, 16], "texture": "#0"},
				"west": {"uv": [13, 0, 14, 16], "texture": "#0"},
				"up": {"uv": [0, 0, 1, 1], "texture": "#0"}
			}
		},
		{
			"name": "postNE",
			"from": [15, 1, 0],
			"to": [16, 21, 1],
			"faces": {
				"north": {"uv": [1, 0, 2, 16], "texture": "#0"},
				"east": {"uv": [2, 0, 3, 16], "texture": "#0"},
				"south": {"uv": [13, 0, 14, 16], "texture": "#0"},
				"west": {"uv": [2, 0, 3, 16], "texture": "#0"},
				"up": {"uv": [0, 0, 1, 1], "texture": "#0"}
			}
		},
		{
			"name": "postNW",
			"from": [0, 1, 0],
			"to": [1, 21, 1],
			"faces": {
				"north": {"uv": [14, 0, 15, 16], "texture": "#0"},
				"east": {"uv": [4, 0, 5, 10], "texture": "#0"},
				"south": {"uv": [2, 0, 3, 16], "texture": "#0"},
				"west": {"uv": [1, 0, 2, 16], "texture": "#0"},
				"up": {"uv": [0, 0, 1, 1], "texture": "#0"}
			}
		},
		{
			"name": "rimW",
			"from": [0, 20, 1],
			"to": [1, 21, 15],
			"faces": {
				"west": {"uv": [0, 0, 14, 1], "texture": "#0"},
				"up": {"uv": [1, 13, 15, 14], "rotation": 90, "texture": "#0"},
				"down": {"uv": [0, 0, 1, 14], "texture": "#0"}
			}
		},
		{
			"name": "rimE",
			"from": [15, 20, 1],
			"to": [16, 21, 15],
			"faces": {
				"east": {"uv": [0, 0, 14, 1], "texture": "#0"},
				"up": {"uv": [1, 14, 15, 15], "rotation": 90, "texture": "#0"},
				"down": {"uv": [0, 0, 1, 14], "texture": "#0"}
			}
		},
		{
			"name": "rimN",
			"from": [1, 20, 0],
			"to": [15, 21, 1],
			"faces": {
				"north": {"uv": [1, 1, 15, 2], "texture": "#0"},
				"up": {"uv": [1, 0, 15, 1], "rotation": 180, "texture": "#0"},
				"down": {"uv": [1, 2, 15, 3], "rotation": 180, "texture": "#0"}
			}
		},
		{
			"name": "rimS",
			"from": [1, 20, 15],
			"to": [15, 21, 16],
			"faces": {
				"south": {"uv": [0, 2, 14, 3], "texture": "#0"},
				"up": {"uv": [0, 0, 14, 1], "texture": "#0"},
				"down": {"uv": [5, 0, 16, 1], "texture": "#0"}
			}
		},
		{
			"name": "crossW",
			"from": [0.1, -0.5, 6],
			"to": [1.1, 19.5, 7],
			"rotation": {"angle": 45, "axis": "x", "origin": [8, 8, 8]},
			"faces": {
				"north": {"uv": [16, 13, 0, 14], "rotation": 90, "texture": "#0"},
				"east": {"uv": [1, 0, 2, 11], "texture": "#0"},
				"south": {"uv": [16, 15, 0, 16], "rotation": 90, "texture": "#0"},
				"west": {"uv": [16, 14, 0, 15], "rotation": 90, "texture": "#0"},
				"up": {"uv": [0, 0, 1, 1], "texture": "#0"},
				"down": {"uv": [0, 0, 1, 1], "texture": "#0"}
			}
		},
		{
			"name": "crossE",
			"from": [14.9, -0.5, 9],
			"to": [15.9, 19.5, 10],
			"rotation": {"angle": -45, "axis": "x", "origin": [8, 8, 8]},
			"faces": {
				"north": {"uv": [16, 15, 0, 16], "rotation": 90, "texture": "#0"},
				"east": {"uv": [16, 14, 0, 15], "rotation": 90, "texture": "#0"},
				"south": {"uv": [16, 13, 0, 14], "rotation": 90, "texture": "#0"},
				"west": {"uv": [0, 0, 1, 11], "texture": "#0"},
				"up": {"uv": [0, 0, 1, 1], "texture": "#0"},
				"down": {"uv": [0, 0, 1, 1], "texture": "#0"}
			}
		},
		{
			"name": "crossS",
			"from": [6, -0.5, 14.9],
			"to": [7, 19.5, 15.9],
			"rotation": {"angle": -45, "axis": "z", "origin": [8, 8, 8]},
			"faces": {
				"north": {"uv": [0, 0, 1, 11], "texture": "#0"},
				"east": {"uv": [16, 15, 0, 16], "rotation": 90, "texture": "#0"},
				"south": {"uv": [16, 14, 0, 15], "rotation": 90, "texture": "#0"},
				"west": {"uv": [16, 13, 0, 14], "rotation": 90, "texture": "#0"},
				"up": {"uv": [0, 0, 1, 1], "texture": "#0"},
				"down": {"uv": [0, 0, 1, 1], "texture": "#0"}
			}
		},
		{
			"name": "faceNE",
			"from": [9, 1, 1],
			"to": [14, 22, 2],
			"faces": {
				"north": {"uv": [0, 0, 5, 16], "texture": "#3"},
				"south": {"uv": [0, 0, 5, 16], "texture": "#3"},
				"up": {"uv": [2, 14, 7, 15], "rotation": 180, "texture": "#3"}
			}
		},
		{
			"name": "faceNS",
			"from": [7, 1, 1],
			"to": [9, 5, 2],
			"faces": {
				"north": {"uv": [0, 1, 2, 4], "texture": "#3"}
			}
		},
		{
			"name": "faceNN",
			"from": [7, 16, 1],
			"to": [9, 22, 2],
			"faces": {
				"north": {"uv": [0, 9, 2, 12], "texture": "#3"},
				"south": {"uv": [0, 9, 2, 12], "texture": "#3"},
				"up": {"uv": [7, 14, 9, 15], "rotation": 180, "texture": "#3"}
			}
		},
		{
			"name": "plateS",
			"from": [6, 4, 0],
			"to": [10, 5, 1],
			"faces": {
				"north": {"uv": [5, 13, 9, 14], "texture": "#2"},
				"east": {"uv": [0, 0, 1, 1], "texture": "#2"},
				"west": {"uv": [0, 0, 1, 1], "texture": "#2"},
				"up": {"uv": [0, 0, 4, 1], "texture": "#2"},
				"down": {"uv": [2, 0, 4, 0], "texture": "#2"}
			}
		},
		{
			"name": "plateN",
			"from": [6, 16, 0],
			"to": [10, 17, 1],
			"faces": {
				"north": {"uv": [5, 2, 9, 3], "texture": "#2"},
				"east": {"uv": [0, 0, 1, 1], "texture": "#2"},
				"west": {"uv": [0, 0, 1, 1], "texture": "#2"},
				"up": {"uv": [0, 0, 4, 1], "texture": "#2"},
				"down": {"uv": [0, 0, 4, 1], "texture": "#2"}
			}
		},
		{
			"name": "plateW",
			"from": [6, 5, 0],
			"to": [7, 16, 1],
			"faces": {
				"north": {"uv": [8, 3, 9, 13], "texture": "#2"},
				"east": {"uv": [0, 3, 1, 13], "texture": "#2"},
				"west": {"uv": [0, 0, 1, 11], "texture": "#2"}
			}
		},
		{
			"name": "plateE",
			"from": [9, 5, 0],
			"to": [10, 16, 1],
			"faces": {
				"north": {"uv": [5, 3, 6, 14], "texture": "#2"},
				"east": {"uv": [1, 3, 2, 14], "texture": "#2"},
				"west": {"uv": [0, 2, 1, 13], "texture": "#2"}
			}
		},
		{
			"name": "glass",
			"from": [7, 5, 1],
			"to": [9, 16, 2],
			"faces": {
				"north": {"uv": [2, 1, 4, 12], "texture": "#1"}
			}
		}
	]
}
