{
	"credit": "Made with Blockbench",
	"parent": "block/thin_block",
	"textures": {
		"1": "block/oak_planks",
		"2": "block/acacia_planks",
		"particle": "block/oak_planks"
	},
	"elements": [
		{
			"name": "trapdoor_creeper_outer_0",
			"from": [0, 0, 0],
			"to": [16, 3, 3],
			"faces": {
				"north": {"uv": [16, 13, 0, 16], "texture": "#2", "cullface": "north"},
				"east": {"uv": [13, 13, 16, 16], "texture": "#2", "cullface": "east"},
				"west": {"uv": [0, 13, 3, 16], "texture": "#2", "cullface": "west"},
				"up": {"uv": [0, 0, 16, 3], "texture": "#2"},
				"down": {"uv": [0, 3, 16, 0], "texture": "#2", "cullface": "down"}
			}
		},
		{
			"name": "trapdoor_creeper_outer_1",
			"from": [0, 0, 3],
			"to": [3, 3, 16],
			"faces": {
				"south": {"uv": [0, 13, 3, 16], "texture": "#2", "cullface": "south"},
				"west": {"uv": [3, 13, 16, 16], "texture": "#2", "cullface": "west"},
				"up": {"uv": [0, 3, 3, 16], "texture": "#2"},
				"down": {"uv": [0, 16, 3, 3], "texture": "#2", "cullface": "down"}
			}
		},
		{
			"name": "trapdoor_creeper_outer_2",
			"from": [13, 0, 3],
			"to": [16, 3, 16],
			"faces": {
				"east": {"uv": [0, 13, 13, 16], "texture": "#2", "cullface": "east"},
				"south": {"uv": [13, 13, 16, 16], "texture": "#2", "cullface": "south"},
				"up": {"uv": [13, 3, 16, 16], "texture": "#2"},
				"down": {"uv": [13, 16, 16, 3], "texture": "#2", "cullface": "down"}
			}
		},
		{
			"name": "trapdoor_creeper_outer_3",
			"from": [3, 0, 13],
			"to": [13, 3, 16],
			"faces": {
				"south": {"uv": [3, 13, 13, 16], "texture": "#2", "cullface": "south"},
				"up": {"uv": [3, 13, 13, 16], "texture": "#2"},
				"down": {"uv": [3, 16, 13, 13], "texture": "#2", "cullface": "down"}
			}
		},
		{
			"name": "trapdoor_full_inner_0",
			"from": [3, 0, 3],
			"to": [13, 3, 13],
			"faces": {
				"up": {"uv": [3, 3, 13, 13], "texture": "#1"},
				"down": {"uv": [3, 13, 13, 3], "texture": "#1", "cullface": "down"}
			}
		}
	],
	"groups": [
		{
			"name": "trapdoor_creeper_outer",
			"origin": [8, 8, 8],
			"color": 0,
			"children": [0, 1, 2, 3]
		},
		{
			"name": "trapdoor_full_inner",
			"origin": [8, 8, 8],
			"color": 0,
			"children": [4]
		}
	]
}