{
	"credit": "Made with Blockbench",
	"parent": "block/thin_block",
	"textures": {
		"1": "block/oak_planks",
		"2": "block/acacia_planks",
		"particle": "block/oak_planks"
	},
	"elements": [
		{
			"name": "trapdoor_creeper_inner_0",
			"from": [3, 0, 11],
			"to": [13, 3, 13],
			"faces": {
				"north": {"uv": [3, 13, 13, 16], "texture": "#1"},
				"up": {"uv": [3, 11, 13, 13], "texture": "#1"},
				"down": {"uv": [3, 5, 13, 3], "rotation": 180, "texture": "#1", "cullface": "down"}
			}
		},
		{
			"name": "trapdoor_creeper_inner_1",
			"from": [11, 0, 3],
			"to": [13, 3, 11],
			"faces": {
				"west": {"uv": [3, 13, 11, 16], "texture": "#1"},
				"up": {"uv": [11, 3, 13, 11], "texture": "#1"},
				"down": {"uv": [3, 13, 5, 5], "rotation": 180, "texture": "#1", "cullface": "down"}
			}
		},
		{
			"name": "trapdoor_creeper_inner_2",
			"from": [7, 0, 9],
			"to": [9, 3, 11],
			"faces": {
				"north": {"uv": [7, 13, 9, 16], "texture": "#1"},
				"east": {"uv": [5, 13, 7, 16], "texture": "#1"},
				"west": {"uv": [9, 13, 11, 16], "texture": "#1"},
				"up": {"uv": [7, 9, 9, 11], "texture": "#1"},
				"down": {"uv": [7, 7, 9, 5], "rotation": 180, "texture": "#1", "cullface": "down"}
			}
		},
		{
			"name": "trapdoor_creeper_inner_3",
			"from": [3, 0, 3],
			"to": [5, 3, 11],
			"faces": {
				"east": {"uv": [5, 13, 13, 16], "texture": "#1"},
				"up": {"uv": [3, 3, 5, 11], "texture": "#1"},
				"down": {"uv": [11, 13, 13, 5], "rotation": 180, "texture": "#1", "cullface": "down"}
			}
		},
		{
			"name": "trapdoor_creeper_inner_4",
			"from": [9, 0, 8],
			"to": [11, 3, 9],
			"faces": {
				"north": {"uv": [5, 13, 7, 16], "texture": "#1"},
				"south": {"uv": [9, 13, 11, 16], "texture": "#1"},
				"west": {"uv": [8, 13, 9, 16], "texture": "#1"},
				"up": {"uv": [10, 8, 12, 9], "texture": "#1"},
				"down": {"uv": [5, 8, 7, 7], "rotation": 180, "texture": "#1", "cullface": "down"}
			}
		},
		{
			"name": "trapdoor_creeper_inner_5",
			"from": [5, 0, 8],
			"to": [7, 3, 9],
			"faces": {
				"north": {"uv": [9, 13, 11, 16], "texture": "#1"},
				"east": {"uv": [7, 13, 8, 16], "texture": "#1"},
				"south": {"uv": [7, 13, 5, 16], "texture": "#1"},
				"up": {"uv": [5, 8, 7, 9], "texture": "#1"},
				"down": {"uv": [9, 8, 11, 7], "rotation": 180, "texture": "#1", "cullface": "down"}
			}
		},
		{
			"name": "trapdoor_creeper_inner_6",
			"from": [10, 0, 3],
			"to": [11, 3, 8],
			"faces": {
				"west": {"uv": [3, 13, 8, 16], "texture": "#1"},
				"up": {"uv": [10, 3, 11, 8], "texture": "#1"},
				"down": {"uv": [5, 13, 6, 8], "rotation": 180, "texture": "#1", "cullface": "down"}
			}
		},
		{
			"name": "trapdoor_creeper_inner_7",
			"from": [5, 0, 3],
			"to": [6, 3, 8],
			"faces": {
				"east": {"uv": [8, 13, 13, 16], "texture": "#1"},
				"up": {"uv": [5, 3, 6, 8], "texture": "#1"},
				"down": {"uv": [10, 13, 11, 8], "rotation": 180, "texture": "#1", "cullface": "down"}
			}
		},
		{
			"name": "trapdoor_creeper_inner_8",
			"from": [7, 0, 3],
			"to": [9, 3, 6],
			"faces": {
				"east": {"uv": [10, 13, 13, 16], "texture": "#1"},
				"south": {"uv": [7, 13, 9, 16], "texture": "#1"},
				"west": {"uv": [3, 13, 6, 16], "texture": "#1"},
				"up": {"uv": [7, 3, 9, 6], "texture": "#1"},
				"down": {"uv": [7, 13, 9, 10], "rotation": 180, "texture": "#1", "cullface": "down"}
			}
		},
		{
			"name": "trapdoor_creeper_inner_9",
			"from": [9, 0, 3],
			"to": [10, 3, 5],
			"faces": {
				"south": {"uv": [9, 13, 10, 16], "texture": "#1"},
				"up": {"uv": [9, 3, 10, 5], "texture": "#1"},
				"down": {"uv": [6, 13, 7, 11], "rotation": 180, "texture": "#1", "cullface": "down"}
			}
		},
		{
			"name": "trapdoor_creeper_inner_10",
			"from": [6, 0, 3],
			"to": [7, 3, 5],
			"faces": {
				"south": {"uv": [6, 13, 7, 16], "texture": "#1"},
				"up": {"uv": [6, 3, 7, 5], "texture": "#1"},
				"down": {"uv": [9, 13, 10, 11], "rotation": 180, "texture": "#1", "cullface": "down"}
			}
		},
		{
			"name": "trapdoor_creeper_outer_0",
			"from": [0, 0, 0],
			"to": [16, 3, 3],
			"faces": {
				"north": {"uv": [16, 13, 0, 16], "texture": "#2", "cullface": "north"},
				"east": {"uv": [13, 13, 16, 16], "texture": "#2", "cullface": "east"},
				"west": {"uv": [0, 13, 3, 16], "texture": "#2", "cullface": "west"},
				"up": {"uv": [0, 0, 16, 3], "texture": "#2"},
				"down": {"uv": [0, 3, 16, 0], "texture": "#2", "cullface": "down"}
			}
		},
		{
			"name": "trapdoor_creeper_outer_1",
			"from": [0, 0, 3],
			"to": [3, 3, 16],
			"faces": {
				"south": {"uv": [0, 13, 3, 16], "texture": "#2", "cullface": "south"},
				"west": {"uv": [3, 13, 16, 16], "texture": "#2", "cullface": "west"},
				"up": {"uv": [0, 3, 3, 16], "texture": "#2"},
				"down": {"uv": [0, 16, 3, 3], "texture": "#2", "cullface": "down"}
			}
		},
		{
			"name": "trapdoor_creeper_outer_2",
			"from": [13, 0, 3],
			"to": [16, 3, 16],
			"faces": {
				"east": {"uv": [0, 13, 13, 16], "texture": "#2", "cullface": "east"},
				"south": {"uv": [13, 13, 16, 16], "texture": "#2", "cullface": "south"},
				"up": {"uv": [13, 3, 16, 16], "texture": "#2"},
				"down": {"uv": [13, 16, 16, 3], "texture": "#2", "cullface": "down"}
			}
		},
		{
			"name": "trapdoor_creeper_outer_3",
			"from": [3, 0, 13],
			"to": [13, 3, 16],
			"faces": {
				"south": {"uv": [3, 13, 13, 16], "texture": "#2", "cullface": "south"},
				"up": {"uv": [3, 13, 13, 16], "texture": "#2"},
				"down": {"uv": [3, 16, 13, 13], "texture": "#2", "cullface": "down"}
			}
		}
	],
	"display": {
		"thirdperson_righthand": {
			"rotation": [75, 45, 0],
			"translation": [0, 2.5, 2],
			"scale": [0.375, 0.375, 0.375]
		},
		"firstperson_righthand": {
			"rotation": [0, -135, 0],
			"translation": [0, 4.2, 0],
			"scale": [0.4, 0.4, 0.4]
		},
		"firstperson_lefthand": {
			"rotation": [0, -135, 0],
			"translation": [0, 4.2, 0],
			"scale": [0.4, 0.4, 0.4]
		}
	},
	"groups": [
		{
			"name": "trapdoor_creeper_inner",
			"origin": [8, 8, 8],
			"color": 0,
			"children": [0, 1, 2, 3, 4, 5, 6, 7, 8, 9, 10]
		},
		{
			"name": "trapdoor_creeper_outer",
			"origin": [8, 8, 8],
			"color": 0,
			"children": [11, 12, 13, 14]
		}
	]
}