{
  "__comment": "structurize normal construction tape.",
  "textures": {
    "particle": "blocks/planks_oak",
    "0": "blocks/door_iron_lower",
    "1": "blocks/planks_oak"
  },
  "elements": [
    {
      "__comment": "PostLeft",
      "from": [ 0, 0, 6 ],
      "to": [ 1, 16, 10 ],
      "faces": {
        "down": { "uv": [ 0, 0, 3.5, 1 ], "texture": "#1" },
        "up": { "uv": [ 0, 0, 4, 1 ], "texture": "#1", "rotation": 90 },
        "north": { "uv": [ 4, 0, 5, 16 ], "texture": "#1" },
        "south": { "uv": [ 12, 0, 13, 16 ], "texture": "#1" },
        "west": { "uv": [ 5, 0, 9, 16 ], "texture": "#1", "rotation": 180 },
        "east": { "uv": [ 9, 0, 13, 16 ], "texture": "#1" }
      }
    },
    {
      "__comment": "PostRight",
      "from": [ 15, 0, 6 ],
      "to": [ 16, 16, 10 ],
      "faces": {
        "down": { "uv": [ 0, 0, 3.5, 1 ], "texture": "#1" },
        "up": { "uv": [ 0, 0, 4, 1 ], "texture": "#1", "rotation": 90 },
        "north": { "uv": [ 4, 0, 5, 16 ], "texture": "#1" },
        "south": { "uv": [ 12, 0, 13, 16 ], "texture": "#1" },
        "west": { "uv": [ 5, 0, 9, 16 ], "texture": "#1", "rotation": 180 },
        "east": { "uv": [ 9, 0, 13, 16 ], "texture": "#1" }
      }
    },
    {
      "__comment": "Chain2",
      "from": [ 13, 14, 7 ],
      "to": [ 15, 15, 9 ],
      "faces": {
        "down": { "uv": [ 0, 13, 2, 15 ], "texture": "#0" },
        "up": { "uv": [ 0, 13, 2, 15 ], "texture": "#0" },
        "north": { "uv": [ 1, 13, 3, 15 ], "texture": "#0" },
        "south": { "uv": [ 1, 13, 3, 15 ], "texture": "#0" },
        "west": { "uv": [ 1, 13, 2, 15 ], "texture": "#0" },
        "east": { "uv": [ 0, 13, 1, 15 ], "texture": "#0" }
      }
    },
    {
      "__comment": "Chain1",
      "from": [ 3, 13, 7 ],
      "to": [ 13, 14, 9 ],
      "faces": {
        "down": { "uv": [ 2.5, 14, 12.5, 16 ], "texture": "#0" },
        "up": { "uv": [ 3, 14, 13, 16 ], "texture": "#0" },
        "north": { "uv": [ 3, 14, 13, 15 ], "texture": "#0" },
        "south": { "uv": [ 3, 15, 13, 16 ], "texture": "#0" },
        "west": { "uv": [ 15, 14, 16, 16 ], "texture": "#0" },
        "east": { "uv": [ 15, 14, 16, 16 ], "texture": "#0" }
      }
    },
    {
      "__comment": "Chain0",
      "from": [ 1, 14, 7 ],
      "to": [ 3, 15, 9 ],
      "faces": {
        "down": { "uv": [ 0, 13, 2, 15 ], "texture": "#0" },
        "up": { "uv": [ 0, 13, 2, 15 ], "texture": "#0" },
        "north": { "uv": [ 1, 13, 3, 15 ], "texture": "#0" },
        "south": { "uv": [ 1, 13, 3, 15 ], "texture": "#0" },
        "west": { "uv": [ 1, 13, 2, 15 ], "texture": "#0" },
        "east": { "uv": [ 0, 13, 1, 15 ], "texture": "#0" }
      }
    }
  ]
}