{
  "credit": "Made by d3miurge.vallek@gmail.com",
  "textures": {
    "0": "structurize:blocks/info/info_poster",
    "1": "structurize:blocks/info/info_poster_wax"
  },
  "elements": [
    {
      "name": "cube",
      "from": [
        2,
        0,
        0
      ],
      "to": [
        14,
        8,
        0
      ],
      "faces": {
        "north": {
          "uv": [
            0,
            0,
            16,
            10.66640625
          ],
          "texture": "#0"
        }
      }
    },
    {
      "name": "cube",
      "from": [
        6.5,
        -1,
        -0.2
      ],
      "to": [
        9.5,
        2,
        -0.2
      ],
      "faces": {
        "north": {
          "uv": [
            0,
            0,
            16,
            16
          ],
          "texture": "#1"
        }
      }
    },
    {
      "name": "cube",
      "from": [
        6.5,
        -4,
        0
      ],
      "to": [
        9.5,
        1.25,
        0
      ],
      "faces": {
        "north": {
          "uv": [
            0,
            10.66640625,
            3,
            15.91640625
          ],
          "texture": "#0"
        }
      }
    }
  ],
  "groups": [
    0,
    1,
    2
  ]
}