{
  "parent": "block/block",
  "textures": {
    "particle": "structurize:blocks/blocksubstitution",
    "bottom": "structurize:blocks/blocksubstitution",
    "top": "structurize:blocks/blocksubstitution",
    "side": "structurize:blocks/blocksubstitution"
  },
  "elements": [
    {   "from": [ 0, 0, 0 ],
      "to": [ 16, 16, 16 ],
      "faces": {
        "down": { "uv": [ 0, 0, 16, 16 ], "texture": "#bottom", "cullface": "down" },
        "up":   { "uv": [ 0, 0, 16, 16 ], "texture": "#top", "cullface": "up" }
      }
    },
    {   "from": [ 0, 0, 0 ],
      "to": [ 16, 16, 16 ],
      "faces": {
        "north": { "uv": [ 0, 0, 16, 16 ], "texture": "#side" },
        "south": { "uv": [ 0, 0, 16, 16 ], "texture": "#side" }
      }
    },
    {   "from": [ 0, 0, 0 ],
      "to": [ 16, 16, 16 ],
      "faces": {
        "west": { "uv": [ 0, 0, 16, 16 ], "texture": "#side" },
        "east": { "uv": [ 0, 0, 16, 16 ], "texture": "#side" }
      }
    }
  ]
}
