{
  "__comment": "structurize Construction Tape Corner",
  "textures": {
    "particle": "blocks/planks_oak",
    "0": "blocks/door_iron_lower",
    "1": "blocks/planks_oak"
  },
  "elements": [
    {
      "__comment": "PostLeft",
      "from": [ 0, 0, 6 ],
      "to": [ 2, 16, 10 ],
      "faces": {
        "down": { "uv": [ 0, 0, 2, 4 ], "texture": "#1" },
        "up": { "uv": [ 7, 3, 9, 7 ], "texture": "#1" },
        "north": { "uv": [ 0, 0, 2, 16 ], "texture": "#1", "rotation": 180 },
        "south": { "uv": [ 6, 0, 8, 16 ], "texture": "#1", "rotation": 180 },
        "west": { "uv": [ 2, 0, 6, 16 ], "texture": "#1", "rotation": 180 },
        "east": { "uv": [ 10, 0, 14, 16 ], "texture": "#1", "rotation": 180 }
      }
    },
    {
      "__comment": "PostCenter",
      "from": [ 6, 0, 6 ],
      "to": [ 10, 16, 10 ],
      "faces": {
        "down": { "uv": [ 0, 0, 4, 4 ], "texture": "#1" },
        "up": { "uv": [ 0, 0, 4, 4 ], "texture": "#1" },
        "north": { "uv": [ 0, 0, 4, 16 ], "texture": "#1", "rotation": 180 },
        "south": { "uv": [ 4, 0, 8, 16 ], "texture": "#1", "rotation": 180 },
        "west": { "uv": [ 8, 0, 12, 16 ], "texture": "#1", "rotation": 180 },
        "east": { "uv": [ 12, 0, 16, 16 ], "texture": "#1", "rotation": 180 }
      }
    },
    {
      "__comment": "PostTop",
      "from": [ 6, 0, 0 ],
      "to": [ 10, 16, 2 ],
      "faces": {
        "down": { "uv": [ 0, 0, 2, 4 ], "texture": "#1", "rotation": 90 },
        "up": { "uv": [ 7, 3, 9, 7 ], "texture": "#1", "rotation": 90 },
        "north": { "uv": [ 0, 0, 4, 16 ], "texture": "#1", "rotation": 180 },
        "south": { "uv": [ 6, 0, 10, 16 ], "texture": "#1", "rotation": 180 },
        "west": { "uv": [ 12, 0, 14, 16 ], "texture": "#1", "rotation": 180 },
        "east": { "uv": [ 10, 0, 14, 16 ], "texture": "#1", "rotation": 180 }
      }
    },
    {
      "__comment": "ChainBottom",
      "from": [ 1, 14, 7 ],
      "to": [ 7, 15, 9 ],
      "faces": {
        "down": { "uv": [ 1, 7, 7, 9 ], "texture": "#0" },
        "up": { "uv": [ 1, 7, 7, 9 ], "texture": "#0" },
        "north": { "uv": [ 9, 1, 15, 2 ], "texture": "#0" },
        "south": { "uv": [ 1, 1, 7, 2 ], "texture": "#0" },
        "west": { "uv": [ 7, 1, 9, 2 ], "texture": "#0" },
        "east": { "uv": [ 7, 1, 9, 2 ], "texture": "#0" }
      }
    },
    {
      "__comment": "ChainRight",
      "from": [ 7, 14, 1 ],
      "to": [ 9, 15, 7 ],
      "faces": {
        "down": { "uv": [ 7, 9, 9, 15 ], "texture": "#0" },
        "up": { "uv": [ 7, 1, 9, 7 ], "texture": "#0" },
        "north": { "uv": [ 7, 1, 9, 2 ], "texture": "#0" },
        "south": { "uv": [ 7, 1, 9, 2 ], "texture": "#0" },
        "west": { "uv": [ 1, 1, 7, 2 ], "texture": "#0" },
        "east": { "uv": [ 9, 1, 15, 2 ], "texture": "#0" }
      }
    }
  ]
}