{
	"credit": "Made with Blockbench",
	"parent": "block/block",
	"textures": {
		"frame": "block/oak_planks",
		"centre": "block/dark_oak_planks"
	},
	"elements": [
		{
			"from": [1, 0, 1],
			"to": [15, 16, 15],
			"faces": {
				"north": {"uv": [1, 0, 15, 16], "texture": "#centre"},
				"east": {"uv": [1, 0, 15, 16], "texture": "#centre"},
				"south": {"uv": [1, 0, 15, 16], "texture": "#centre"},
				"west": {"uv": [1, 0, 15, 16], "texture": "#centre"},
				"up": {"uv": [1, 1, 15, 15], "texture": "#centre", "cullface": "up"},
				"down": {"uv": [1, 1, 15, 15], "texture": "#centre", "cullface": "down"}
			}
		},
		{
			"from": [-1, 7, 14.99],
			"to": [17, 9, 15.99],
			"rotation": {"angle": 45, "axis": "z", "origin": [8, 8, 15]},
			"faces": {
				"south": {"uv": [0, 2, 16, 4], "texture": "#frame"},
				"up": {"uv": [0, 1, 16, 2], "texture": "#frame"},
				"down": {"uv": [0, 4, 16, 5], "texture": "#frame"}
			}
		},
		{
			"from": [9, 7, 0.01],
			"to": [17, 9, 1.01],
			"rotation": {"angle": 45, "axis": "z", "origin": [8, 8, 1]},
			"faces": {
				"north": {"uv": [8, 2, 16, 4], "texture": "#frame"},
				"up": {"uv": [0, 2, 8, 3], "texture": "#frame"},
				"down": {"uv": [0, 2, 8, 3], "texture": "#frame"}
			}
		},
		{
			"from": [-1, 7, 0.01],
			"to": [7, 9, 1.01],
			"rotation": {"angle": 45, "axis": "z", "origin": [8, 8, 1]},
			"faces": {
				"north": {"uv": [0, 2, 8, 4], "texture": "#frame"},
				"up": {"uv": [0, 2, 8, 3], "texture": "#frame"},
				"down": {"uv": [0, 2, 8, 3], "texture": "#frame"}
			}
		},
		{
			"from": [-1, 7, 14.99],
			"to": [7, 9, 15.99],
			"rotation": {"angle": -45, "axis": "z", "origin": [8, 8, 16]},
			"faces": {
				"south": {"uv": [8, 4, 16, 2], "texture": "#frame"},
				"up": {"uv": [0, 3, 8, 2], "texture": "#frame"},
				"down": {"uv": [0, 3, 8, 2], "texture": "#frame"}
			}
		},
		{
			"from": [9, 7, 14.99],
			"to": [17, 9, 15.99],
			"rotation": {"angle": -45, "axis": "z", "origin": [8, 8, 16]},
			"faces": {
				"south": {"uv": [0, 4, 8, 2], "texture": "#frame"},
				"up": {"uv": [0, 5, 8, 4], "texture": "#frame"},
				"down": {"uv": [0, 2, 8, 1], "texture": "#frame"}
			}
		},
		{
			"from": [-1, 7, 0.01],
			"to": [17, 9, 1.01],
			"rotation": {"angle": -45, "axis": "z", "origin": [8, 8, 1]},
			"faces": {
				"north": {"uv": [0, 2, 16, 4], "texture": "#frame"},
				"up": {"uv": [0, 3, 16, 4], "texture": "#frame"},
				"down": {"uv": [0, 3, 16, 4], "texture": "#frame"}
			}
		},
		{
			"from": [14.99, 7, -1],
			"to": [15.99, 9, 17],
			"rotation": {"angle": 45, "axis": "x", "origin": [15, 8, 8]},
			"faces": {
				"east": {"uv": [0, 2, 16, 4], "texture": "#frame"},
				"up": {"uv": [0, 0, 1, 16], "texture": "#frame"},
				"down": {"uv": [0, 0, 1, 16], "texture": "#frame"}
			}
		},
		{
			"from": [0.01, 7, -1],
			"to": [1.01, 9, 7],
			"rotation": {"angle": 45, "axis": "x", "origin": [1, 8, 8]},
			"faces": {
				"west": {"uv": [8, 2, 16, 4], "texture": "#frame"},
				"up": {"uv": [0, 0, 1, 8], "texture": "#frame"},
				"down": {"uv": [0, 0, 1, 8], "texture": "#frame"}
			}
		},
		{
			"from": [0.01, 7, 9],
			"to": [1.01, 9, 17],
			"rotation": {"angle": 45, "axis": "x", "origin": [1, 8, 8]},
			"faces": {
				"west": {"uv": [0, 2, 8, 4], "texture": "#frame"},
				"up": {"uv": [0, 0, 1, 8], "texture": "#frame"},
				"down": {"uv": [0, 8, 1, 16], "texture": "#frame"}
			}
		},
		{
			"from": [14.99, 7, -1],
			"to": [15.99, 9, 7],
			"rotation": {"angle": -45, "axis": "x", "origin": [15, 8, 8]},
			"faces": {
				"east": {"uv": [0, 2, 8, 4], "texture": "#frame"},
				"up": {"uv": [0, 0, 1, 8], "texture": "#frame"},
				"down": {"uv": [0, 0, 1, 8], "texture": "#frame"}
			}
		},
		{
			"from": [14.99, 7, 9],
			"to": [15.99, 9, 17],
			"rotation": {"angle": -45, "axis": "x", "origin": [15, 8, 8]},
			"faces": {
				"east": {"uv": [8, 2, 16, 4], "texture": "#frame"},
				"up": {"uv": [0, 0, 1, 8], "texture": "#frame"},
				"down": {"uv": [0, 0, 1, 8], "texture": "#frame"}
			}
		},
		{
			"from": [0.01, 7, -1],
			"to": [1.01, 9, 17],
			"rotation": {"angle": -45, "axis": "x", "origin": [1, 8, 8]},
			"faces": {
				"west": {"uv": [0, 2, 16, 4], "texture": "#frame"},
				"up": {"uv": [0, 0, 1, 16], "texture": "#frame"},
				"down": {"uv": [0, 0, 1, 16], "texture": "#frame"}
			}
		},
		{
			"from": [2, 14, 15],
			"to": [14, 16, 16],
			"faces": {
				"south": {"uv": [2, 0, 14, 2], "texture": "#frame", "cullface": "south"},
				"up": {"uv": [2, 0, 14, 1], "texture": "#frame", "cullface": "up"},
				"down": {"uv": [2, 2, 14, 3], "texture": "#frame"}
			}
		},
		{
			"from": [2, 14, 0],
			"to": [14, 16, 1],
			"faces": {
				"north": {"uv": [2, 0, 14, 2], "texture": "#frame", "cullface": "north"},
				"up": {"uv": [2, 15, 14, 16], "rotation": 180, "texture": "#frame", "cullface": "up"},
				"down": {"uv": [2, 2, 14, 3], "rotation": 180, "texture": "#frame"}
			}
		},
		{
			"from": [2, 0, 15],
			"to": [14, 2, 16],
			"faces": {
				"south": {"uv": [2, 14, 14, 16], "texture": "#frame", "cullface": "south"},
				"up": {"uv": [2, 13, 14, 14], "texture": "#frame"},
				"down": {"uv": [2, 0, 14, 1], "texture": "#frame", "cullface": "down"}
			}
		},
		{
			"from": [2, 0, 0],
			"to": [14, 2, 1],
			"faces": {
				"north": {"uv": [2, 14, 14, 16], "texture": "#frame", "cullface": "north"},
				"up": {"uv": [2, 13, 14, 14], "rotation": 180, "texture": "#frame"},
				"down": {"uv": [2, 15, 14, 16], "rotation": 180, "texture": "#frame", "cullface": "down"}
			}
		},
		{
			"from": [15, 0, 14],
			"to": [16, 16, 16],
			"faces": {
				"north": {"uv": [2, 0, 3, 16], "texture": "#frame"},
				"east": {"uv": [0, 0, 2, 16], "texture": "#frame", "cullface": "east"},
				"south": {"uv": [15, 0, 16, 16], "texture": "#frame", "cullface": "south"},
				"up": {"uv": [0, 0, 1, 2], "texture": "#frame", "cullface": "up"},
				"down": {"uv": [15, 0, 16, 2], "texture": "#frame", "cullface": "down"}
			}
		},
		{
			"from": [0, 0, 0],
			"to": [1, 16, 2],
			"faces": {
				"north": {"uv": [15, 0, 16, 16], "texture": "#frame", "cullface": "north"},
				"south": {"uv": [2, 0, 3, 16], "texture": "#frame"},
				"west": {"uv": [0, 0, 2, 16], "texture": "#frame", "cullface": "west"},
				"up": {"uv": [15, 14, 16, 16], "rotation": 180, "texture": "#frame", "cullface": "up"},
				"down": {"uv": [0, 14, 1, 16], "rotation": 180, "texture": "#frame", "cullface": "down"}
			}
		},
		{
			"from": [15, 0, 2],
			"to": [16, 2, 14],
			"faces": {
				"east": {"uv": [2, 14, 14, 16], "texture": "#frame", "cullface": "east"},
				"up": {"uv": [2, 13, 14, 14], "rotation": 90, "texture": "#frame"},
				"down": {"uv": [15, 2, 16, 14], "texture": "#frame", "cullface": "down"}
			}
		},
		{
			"from": [0, 0, 2],
			"to": [1, 2, 14],
			"faces": {
				"west": {"uv": [2, 14, 14, 16], "texture": "#frame", "cullface": "west"},
				"up": {"uv": [2, 13, 14, 14], "rotation": 90, "texture": "#frame"},
				"down": {"uv": [0, 2, 1, 14], "texture": "#frame", "cullface": "down"}
			}
		},
		{
			"from": [15, 14, 2],
			"to": [16, 16, 14],
			"faces": {
				"east": {"uv": [2, 0, 14, 2], "texture": "#frame", "cullface": "east"},
				"up": {"uv": [0, 2, 1, 14], "texture": "#frame", "cullface": "up"},
				"down": {"uv": [2, 2, 14, 3], "rotation": 90, "texture": "#frame"}
			}
		},
		{
			"from": [0, 14, 2],
			"to": [1, 16, 14],
			"faces": {
				"west": {"uv": [2, 0, 14, 2], "texture": "#frame", "cullface": "west"},
				"up": {"uv": [15, 2, 16, 14], "texture": "#frame", "cullface": "up"},
				"down": {"uv": [2, 2, 14, 3], "rotation": 90, "texture": "#frame"}
			}
		},
		{
			"from": [0, 0, 14],
			"to": [1, 16, 16],
			"faces": {
				"north": {"uv": [13, 0, 14, 16], "texture": "#frame"},
				"south": {"uv": [0, 0, 1, 16], "texture": "#frame", "cullface": "south"},
				"west": {"uv": [14, 0, 16, 16], "texture": "#frame", "cullface": "west"},
				"up": {"uv": [15, 0, 16, 2], "texture": "#frame", "cullface": "up"},
				"down": {"uv": [0, 0, 1, 2], "texture": "#frame", "cullface": "down"}
			}
		},
		{
			"from": [15, 0, 0],
			"to": [16, 16, 2],
			"faces": {
				"north": {"uv": [0, 0, 1, 16], "texture": "#frame", "cullface": "north"},
				"east": {"uv": [14, 0, 16, 16], "texture": "#frame", "cullface": "east"},
				"south": {"uv": [13, 0, 14, 16], "texture": "#frame"},
				"up": {"uv": [0, 14, 1, 16], "rotation": 180, "texture": "#frame", "cullface": "up"},
				"down": {"uv": [15, 14, 16, 16], "rotation": 180, "texture": "#frame", "cullface": "down"}
			}
		},
		{
			"from": [1, 0, 15],
			"to": [2, 16, 16],
			"faces": {
				"east": {"uv": [2, 0, 3, 16], "texture": "#frame"},
				"south": {"uv": [1, 0, 2, 16], "texture": "#frame", "cullface": "south"},
				"up": {"uv": [14, 0, 15, 1], "texture": "#frame", "cullface": "up"},
				"down": {"uv": [1, 0, 2, 1], "texture": "#frame", "cullface": "down"}
			}
		},
		{
			"from": [14, 0, 0],
			"to": [15, 16, 1],
			"faces": {
				"north": {"uv": [1, 0, 2, 16], "texture": "#frame", "cullface": "north"},
				"west": {"uv": [2, 0, 3, 16], "texture": "#frame"},
				"up": {"uv": [1, 15, 2, 16], "rotation": 180, "texture": "#frame", "cullface": "up"},
				"down": {"uv": [14, 15, 15, 16], "rotation": 180, "texture": "#frame", "cullface": "down"}
			}
		},
		{
			"from": [14, 0, 15],
			"to": [15, 16, 16],
			"faces": {
				"south": {"uv": [14, 0, 15, 16], "texture": "#frame", "cullface": "south"},
				"west": {"uv": [13, 0, 14, 16], "texture": "#frame"},
				"up": {"uv": [1, 0, 2, 1], "texture": "#frame", "cullface": "up"},
				"down": {"uv": [14, 0, 15, 1], "texture": "#frame", "cullface": "down"}
			}
		},
		{
			"from": [1, 0, 0],
			"to": [2, 16, 1],
			"faces": {
				"north": {"uv": [14, 0, 15, 16], "texture": "#frame", "cullface": "north"},
				"east": {"uv": [13, 0, 14, 16], "texture": "#frame"},
				"up": {"uv": [14, 15, 15, 16], "rotation": 180, "texture": "#frame", "cullface": "up"},
				"down": {"uv": [1, 15, 2, 16], "rotation": 180, "texture": "#frame", "cullface": "down"}
			}
		}
	],
	"groups": [0,
		{
			"name": "Timbers",
			"origin": [8, 8, 8],
			"color": 0,
			"children": [1, 2, 3, 4, 5, 6, 7, 8, 9, 10, 11, 12]
		},
		{
			"name": "Framework",
			"origin": [8, 8, 8],
			"color": 0,
			"children": [
				{
					"name": "Frame",
					"origin": [8, 8, 7.42308],
					"color": 0,
					"children": [13, 14, 15, 16, 17, 18, 19, 20, 21, 22, 23, 24, 25, 26, 27, 28]
				}
			]
		}
	]
}