{
	"credit": "Made with Blockbench",
	"parent": "block/block",
	"textures": {
		"bottom": "block/stonecutter_bottom",
		"log_side": "block/oak_log",
		"log_top": "block/oak_log_top",
		"saw": "block/stonecutter_saw",
		"side": "block/stonecutter_side",
		"particle": "block/stonecutter_top",
		"top": "block/stonecutter_top"
	},
	"elements": [
		{
			"name": "body",
			"from": [1, 6, 1],
			"to": [15, 9, 15],
			"faces": {
				"north": {"uv": [1, 11, 15, 14], "texture": "#side"},
				"east": {"uv": [1, 11, 15, 14], "texture": "#side"},
				"south": {"uv": [1, 11, 15, 14], "texture": "#side"},
				"west": {"uv": [1, 11, 15, 14], "texture": "#side"},
				"up": {"uv": [1, 1, 15, 15], "texture": "#top"},
				"down": {"uv": [1, 1, 15, 15], "texture": "#bottom"}
			}
		},
		{
			"name": "blade1",
			"from": [1, 9, 8],
			"to": [15, 16, 8],
			"faces": {
				"north": {"uv": [1, 9, 15, 16], "texture": "#saw"},
				"south": {"uv": [15, 9, 1, 16], "texture": "#saw"}
			}
		},
		{
			"name": "blade2",
			"from": [1, 1, 8],
			"to": [15, 8, 8],
			"rotation": {"angle": 0, "axis": "z", "origin": [22, 11.5, 8]},
			"faces": {
				"north": {"uv": [1, 9, 15, 16], "rotation": 180, "texture": "#saw"},
				"south": {"uv": [15, 9, 1, 16], "rotation": 180, "texture": "#saw"}
			}
		},
		{
			"name": "leg1",
			"from": [0, 0, 0],
			"to": [4, 10, 4],
			"faces": {
				"north": {"uv": [12, 6, 16, 16], "texture": "#log_side", "cullface": "north"},
				"east": {"uv": [12, 6, 16, 16], "texture": "#log_side"},
				"south": {"uv": [0, 6, 4, 16], "texture": "#log_side"},
				"west": {"uv": [0, 6, 4, 16], "texture": "#log_side", "cullface": "west"},
				"up": {"uv": [6, 6, 10, 10], "texture": "#log_top"},
				"down": {"uv": [6, 6, 10, 10], "texture": "#log_top", "cullface": "down"}
			}
		},
		{
			"name": "leg2",
			"from": [12, 0, 0],
			"to": [16, 10, 4],
			"faces": {
				"north": {"uv": [0, 6, 4, 16], "texture": "#log_side", "cullface": "north"},
				"east": {"uv": [12, 6, 16, 16], "texture": "#log_side", "cullface": "east"},
				"south": {"uv": [12, 6, 16, 16], "texture": "#log_side"},
				"west": {"uv": [0, 6, 4, 16], "texture": "#log_side"},
				"up": {"uv": [6, 6, 10, 10], "texture": "#log_top"},
				"down": {"uv": [6, 6, 10, 10], "texture": "#log_top", "cullface": "down"}
			}
		},
		{
			"name": "leg3",
			"from": [12, 0, 12],
			"to": [16, 10, 16],
			"faces": {
				"north": {"uv": [0, 6, 4, 16], "texture": "#log_side"},
				"east": {"uv": [0, 6, 4, 16], "texture": "#log_side", "cullface": "east"},
				"south": {"uv": [12, 6, 16, 16], "texture": "#log_side", "cullface": "south"},
				"west": {"uv": [12, 6, 16, 16], "texture": "#log_side"},
				"up": {"uv": [6, 6, 10, 10], "texture": "#log_top"},
				"down": {"uv": [6, 6, 10, 10], "texture": "#log_top", "cullface": "down"}
			}
		},
		{
			"name": "leg4",
			"from": [0, 0, 12],
			"to": [4, 10, 16],
			"faces": {
				"north": {"uv": [12, 6, 16, 16], "texture": "#log_side"},
				"east": {"uv": [0, 6, 4, 16], "texture": "#log_side"},
				"south": {"uv": [0, 6, 4, 16], "texture": "#log_side", "cullface": "south"},
				"west": {"uv": [12, 6, 16, 16], "texture": "#log_side", "cullface": "west"},
				"up": {"uv": [6, 6, 10, 10], "texture": "#log_top"},
				"down": {"uv": [6, 6, 10, 10], "texture": "#log_top", "cullface": "down"}
			}
		}
	],
	"display": {
		"thirdperson_righthand": {
			"rotation": [75, 45, 0],
			"translation": [0, 2.5, 0],
			"scale": [0.375, 0.375, 0.375]
		},
		"thirdperson_lefthand": {
			"rotation": [75, 45, 0],
			"translation": [0, 2.5, 0],
			"scale": [0.375, 0.375, 0.375]
		},
		"firstperson_righthand": {
			"rotation": [0, 45, 0],
			"scale": [0.4, 0.4, 0.4]
		},
		"firstperson_lefthand": {
			"rotation": [0, 225, 0],
			"scale": [0.4, 0.4, 0.4]
		},
		"ground": {
			"translation": [0, 3, 0],
			"scale": [0.25, 0.25, 0.25]
		},
		"gui": {
			"rotation": [30, 225, 0],
			"scale": [0.625, 0.625, 0.625]
		},
		"fixed": {
			"scale": [0.5, 0.5, 0.5]
		}
	}
}