{
	"credit": "Made with Blockbench",
	"parent": "block/thin_block",
	"textures": {
		"1": "block/oak_planks",
		"particle": "block/oak_planks"
	},
	"elements": [
		{
			"name": "acacia_door_top_0",
			"from": [0, 0, 0],
			"to": [16, 3, 3],
			"faces": {
				"north": {"uv": [16, 13, 0, 16], "texture": "#1", "cullface": "north"},
				"east": {"uv": [13, 13, 16, 16], "texture": "#1", "cullface": "east"},
				"south": {"uv": [0, 13, 16, 16], "texture": "#1"},
				"west": {"uv": [0, 13, 3, 16], "texture": "#1", "cullface": "west"},
				"up": {"uv": [0, 0, 16, 3], "texture": "#1"},
				"down": {"uv": [0, 3, 16, 0], "texture": "#1", "cullface": "down"}
			}
		},
		{
			"name": "acacia_door_top_1",
			"from": [0, 0, 3],
			"to": [3, 3, 16],
			"faces": {
				"east": {"uv": [0, 13, 13, 16], "texture": "#1"},
				"south": {"uv": [0, 13, 3, 16], "texture": "#1", "cullface": "south"},
				"west": {"uv": [3, 13, 16, 16], "texture": "#1", "cullface": "west"},
				"up": {"uv": [0, 3, 3, 16], "texture": "#1"},
				"down": {"uv": [0, 16, 3, 3], "texture": "#1", "cullface": "down"}
			}
		},
		{
			"name": "acacia_door_top_2",
			"from": [5, 0, 3],
			"to": [7, 3, 16],
			"faces": {
				"east": {"uv": [0, 13, 13, 16], "texture": "#1"},
				"south": {"uv": [5, 13, 7, 16], "texture": "#1", "cullface": "south"},
				"west": {"uv": [3, 13, 16, 16], "texture": "#1"},
				"up": {"uv": [5, 3, 7, 16], "texture": "#1"},
				"down": {"uv": [5, 16, 7, 3], "texture": "#1", "cullface": "down"}
			}
		},
		{
			"name": "acacia_door_top_3",
			"from": [9, 0, 3],
			"to": [11, 3, 16],
			"faces": {
				"east": {"uv": [0, 13, 13, 16], "texture": "#1"},
				"south": {"uv": [9, 13, 11, 16], "texture": "#1", "cullface": "south"},
				"west": {"uv": [3, 13, 16, 16], "texture": "#1"},
				"up": {"uv": [9, 3, 11, 16], "texture": "#1"},
				"down": {"uv": [9, 16, 11, 3], "texture": "#1", "cullface": "down"}
			}
		},
		{
			"name": "acacia_door_top_4",
			"from": [13, 0, 3],
			"to": [16, 3, 16],
			"faces": {
				"east": {"uv": [0, 13, 13, 16], "texture": "#1", "cullface": "east"},
				"south": {"uv": [13, 13, 16, 16], "texture": "#1", "cullface": "south"},
				"west": {"uv": [3, 13, 16, 16], "texture": "#1"},
				"up": {"uv": [13, 3, 16, 16], "texture": "#1"},
				"down": {"uv": [13, 16, 16, 3], "texture": "#1", "cullface": "down"}
			}
		},
		{
			"name": "acacia_door_top_5",
			"from": [3, 0, 13],
			"to": [5, 3, 16],
			"faces": {
				"north": {"uv": [11, 13, 13, 16], "texture": "#1"},
				"south": {"uv": [3, 13, 5, 16], "texture": "#1", "cullface": "south"},
				"up": {"uv": [3, 13, 5, 16], "texture": "#1"},
				"down": {"uv": [3, 16, 5, 13], "texture": "#1", "cullface": "down"}
			}
		},
		{
			"name": "acacia_door_top_6",
			"from": [7, 0, 13],
			"to": [9, 3, 16],
			"faces": {
				"north": {"uv": [7, 13, 9, 16], "texture": "#1"},
				"south": {"uv": [7, 13, 9, 16], "texture": "#1", "cullface": "south"},
				"up": {"uv": [7, 13, 9, 16], "texture": "#1"},
				"down": {"uv": [7, 16, 9, 13], "texture": "#1", "cullface": "down"}
			}
		},
		{
			"name": "acacia_door_top_7",
			"from": [11, 0, 13],
			"to": [13, 3, 16],
			"faces": {
				"north": {"uv": [3, 13, 5, 16], "texture": "#1"},
				"south": {"uv": [11, 13, 13, 16], "texture": "#1", "cullface": "south"},
				"up": {"uv": [11, 13, 13, 16], "texture": "#1"},
				"down": {"uv": [11, 16, 13, 13], "texture": "#1", "cullface": "down"}
			}
		}
	],
	"groups": [
		{
			"name": "acacia_door_top",
			"origin": [8, 8, 8],
			"color": 0,
			"children": [0, 1, 2, 3, 4, 5, 6, 7]
		}
	]
}