{
	"credit": "Made with Blockbench",
	"parent": "block/thin_block",
	"textures": {
		"particle": "block/oak_planks",
		"1_1": "block/oak_planks"
	},
	"elements": [
		{
			"name": "warped_trapdoor_0",
			"from": [0, 0, 13],
			"to": [16, 3, 16],
			"rotation": {"angle": 0, "axis": "y", "origin": [8, 0, 8]},
			"faces": {
				"north": {"uv": [0, 13, 16, 16], "texture": "#1_1"},
				"east": {"uv": [0, 13, 3, 16], "texture": "#1_1", "cullface": "east"},
				"south": {"uv": [0, 13, 16, 16], "texture": "#1_1", "cullface": "south"},
				"west": {"uv": [13, 13, 16, 16], "texture": "#1_1", "cullface": "west"},
				"up": {"uv": [0, 13, 16, 16], "texture": "#1_1"},
				"down": {"uv": [16, 13, 0, 16], "rotation": 180, "texture": "#1_1", "cullface": "down"}
			}
		},
		{
			"name": "warped_trapdoor_1",
			"from": [13, 0, 0],
			"to": [16, 3, 13],
			"rotation": {"angle": 0, "axis": "y", "origin": [8, 0, 8]},
			"faces": {
				"north": {"uv": [0, 13, 3, 16], "texture": "#1_1", "cullface": "north"},
				"east": {"uv": [3, 13, 16, 16], "texture": "#1_1", "cullface": "east"},
				"west": {"uv": [0, 13, 13, 16], "texture": "#1_1"},
				"up": {"uv": [13, 0, 16, 13], "texture": "#1_1"},
				"down": {"uv": [16, 0, 13, 13], "rotation": 180, "texture": "#1_1", "cullface": "down"}
			}
		},
		{
			"name": "warped_trapdoor_2",
			"from": [10, 0, 11],
			"to": [12, 3, 13],
			"rotation": {"angle": 0, "axis": "y", "origin": [8, 0, 8]},
			"faces": {
				"north": {"uv": [4, 13, 6, 16], "texture": "#1_1"},
				"east": {"uv": [3, 13, 5, 16], "texture": "#1_1"},
				"west": {"uv": [11, 13, 13, 16], "texture": "#1_1"},
				"up": {"uv": [10, 11, 12, 13], "texture": "#1_1"},
				"down": {"uv": [12, 11, 10, 13], "rotation": 180, "texture": "#1_1", "cullface": "down"}
			}
		},
		{
			"name": "warped_trapdoor_3",
			"from": [5, 0, 12],
			"to": [8, 3, 13],
			"rotation": {"angle": 0, "axis": "y", "origin": [8, 0, 8]},
			"faces": {
				"north": {"uv": [8, 13, 11, 16], "texture": "#1_1"},
				"east": {"uv": [8, 3, 9, 4], "rotation": 270, "texture": "#1_1"},
				"west": {"uv": [12, 13, 13, 16], "texture": "#1_1"},
				"up": {"uv": [5, 10, 8, 11], "texture": "#1_1"},
				"down": {"uv": [8, 10, 5, 11], "texture": "#1_1", "cullface": "down"}
			}
		},
		{
			"name": "warped_trapdoor_4",
			"from": [0, 0, 0],
			"to": [3, 3, 13],
			"rotation": {"angle": 0, "axis": "y", "origin": [8, 0, 8]},
			"faces": {
				"north": {"uv": [13, 13, 16, 16], "texture": "#1_1", "cullface": "north"},
				"east": {"uv": [2, 13, 15, 16], "texture": "#1_1"},
				"west": {"uv": [0, 13, 13, 16], "texture": "#1_1", "cullface": "west"},
				"up": {"uv": [0, 0, 3, 13], "texture": "#1_1"},
				"down": {"uv": [3, 0, 0, 13], "rotation": 180, "texture": "#1_1", "cullface": "down"}
			}
		},
		{
			"name": "warped_trapdoor_5",
			"from": [9, 0, 6],
			"to": [10, 3, 12],
			"rotation": {"angle": 0, "axis": "y", "origin": [8, 0, 8]},
			"faces": {
				"north": {"uv": [6, 13, 7, 16], "texture": "#1_1"},
				"east": {"uv": [4, 13, 10, 16], "texture": "#1_1"},
				"south": {"uv": [9, 13, 10, 16], "texture": "#1_1"},
				"west": {"uv": [6, 13, 12, 16], "texture": "#1_1"},
				"up": {"uv": [9, 6, 10, 12], "texture": "#1_1"},
				"down": {"uv": [9, 6, 10, 12], "rotation": 180, "texture": "#1_1", "cullface": "down"}
			}
		},
		{
			"name": "warped_trapdoor_6",
			"from": [6, 0, 9],
			"to": [7, 3, 12],
			"rotation": {"angle": 0, "axis": "y", "origin": [8, 0, 8]},
			"faces": {
				"north": {"uv": [9, 13, 10, 16], "texture": "#1_1"},
				"east": {"uv": [3, 13, 6, 16], "texture": "#1_1"},
				"west": {"uv": [9, 13, 12, 16], "texture": "#1_1"},
				"up": {"uv": [6, 7, 7, 10], "rotation": 180, "texture": "#1_1"},
				"down": {"uv": [6, 7, 7, 10], "texture": "#1_1", "cullface": "down"}
			}
		},
		{
			"name": "warped_trapdoor_7",
			"from": [10, 0, 10],
			"to": [11, 3, 11],
			"rotation": {"angle": 0, "axis": "y", "origin": [8, 0, 8]},
			"faces": {
				"north": {"uv": [5, 13, 6, 16], "texture": "#1_1"},
				"east": {"uv": [5, 13, 6, 16], "texture": "#1_1"},
				"up": {"uv": [10, 10, 11, 11], "texture": "#1_1"},
				"down": {"uv": [10, 10, 11, 11], "rotation": 180, "texture": "#1_1", "cullface": "down"}
			}
		},
		{
			"name": "warped_trapdoor_8",
			"from": [5, 0, 4],
			"to": [6, 3, 11],
			"rotation": {"angle": 0, "axis": "y", "origin": [8, 0, 8]},
			"faces": {
				"north": {"uv": [10, 13, 11, 16], "texture": "#1_1"},
				"east": {"uv": [4, 13, 11, 16], "texture": "#1_1"},
				"south": {"uv": [5, 13, 6, 16], "texture": "#1_1"},
				"west": {"uv": [4, 13, 11, 16], "texture": "#1_1"},
				"up": {"uv": [5, 4, 6, 11], "texture": "#1_1"},
				"down": {"uv": [5, 4, 6, 11], "rotation": 180, "texture": "#1_1", "cullface": "down"}
			}
		},
		{
			"name": "warped_trapdoor_9",
			"from": [3, 0, 6],
			"to": [4, 3, 11],
			"rotation": {"angle": 0, "axis": "y", "origin": [8, 0, 8]},
			"faces": {
				"north": {"uv": [12, 13, 13, 16], "texture": "#1_1"},
				"east": {"uv": [4, 13, 9, 16], "texture": "#1_1"},
				"south": {"uv": [3, 13, 4, 16], "texture": "#1_1"},
				"up": {"uv": [3, 6, 4, 11], "texture": "#1_1"},
				"down": {"uv": [3, 6, 4, 11], "rotation": 180, "texture": "#1_1", "cullface": "down"}
			}
		},
		{
			"name": "warped_trapdoor_10",
			"from": [12, 0, 8],
			"to": [13, 3, 10],
			"rotation": {"angle": 0, "axis": "y", "origin": [8, 0, 8]},
			"faces": {
				"north": {"uv": [3, 13, 4, 16], "texture": "#1_1"},
				"south": {"uv": [12, 13, 13, 16], "texture": "#1_1"},
				"west": {"uv": [8, 13, 10, 16], "texture": "#1_1"},
				"up": {"uv": [12, 8, 13, 10], "texture": "#1_1"},
				"down": {"uv": [12, 8, 13, 10], "rotation": 180, "texture": "#1_1", "cullface": "down"}
			}
		},
		{
			"name": "warped_trapdoor_11",
			"from": [10, 0, 0],
			"to": [11, 3, 8],
			"rotation": {"angle": 0, "axis": "y", "origin": [8, 0, 8]},
			"faces": {
				"north": {"uv": [5, 13, 6, 16], "texture": "#1_1", "cullface": "north"},
				"east": {"uv": [8, 13, 16, 16], "texture": "#1_1"},
				"south": {"uv": [10, 13, 11, 16], "texture": "#1_1"},
				"west": {"uv": [0, 13, 8, 16], "texture": "#1_1"},
				"up": {"uv": [10, 0, 11, 8], "texture": "#1_1"},
				"down": {"uv": [10, 0, 11, 8], "rotation": 180, "texture": "#1_1", "cullface": "down"}
			}
		},
		{
			"name": "warped_trapdoor_12",
			"from": [11, 0, 0],
			"to": [12, 3, 7],
			"rotation": {"angle": 0, "axis": "y", "origin": [8, 0, 8]},
			"faces": {
				"north": {"uv": [4, 13, 5, 16], "texture": "#1_1", "cullface": "north"},
				"east": {"uv": [9, 13, 16, 16], "texture": "#1_1"},
				"south": {"uv": [11, 13, 12, 16], "texture": "#1_1"},
				"up": {"uv": [11, 0, 12, 7], "texture": "#1_1"},
				"down": {"uv": [11, 0, 12, 7], "rotation": 180, "texture": "#1_1", "cullface": "down"}
			}
		},
		{
			"name": "warped_trapdoor_13",
			"from": [6, 0, 0],
			"to": [7, 3, 6],
			"rotation": {"angle": 0, "axis": "y", "origin": [8, 0, 8]},
			"faces": {
				"north": {"uv": [9, 13, 10, 16], "texture": "#1_1", "cullface": "north"},
				"east": {"uv": [10, 13, 16, 16], "texture": "#1_1"},
				"south": {"uv": [6, 13, 7, 16], "texture": "#1_1"},
				"west": {"uv": [0, 13, 6, 16], "texture": "#1_1"},
				"up": {"uv": [6, 0, 7, 6], "texture": "#1_1"},
				"down": {"uv": [6, 0, 7, 6], "rotation": 180, "texture": "#1_1", "cullface": "down"}
			}
		},
		{
			"name": "warped_trapdoor_14",
			"from": [9, 0, 0],
			"to": [10, 3, 4],
			"rotation": {"angle": 0, "axis": "y", "origin": [8, 0, 8]},
			"faces": {
				"north": {"uv": [6, 13, 7, 16], "texture": "#1_1", "cullface": "north"},
				"south": {"uv": [9, 13, 10, 16], "texture": "#1_1"},
				"west": {"uv": [0, 13, 4, 16], "texture": "#1_1"},
				"up": {"uv": [9, 0, 10, 4], "texture": "#1_1"},
				"down": {"uv": [9, 0, 10, 4], "rotation": 180, "texture": "#1_1", "cullface": "down"}
			}
		},
		{
			"name": "warped_trapdoor_15",
			"from": [4, 0, 0],
			"to": [5, 3, 4],
			"rotation": {"angle": 0, "axis": "y", "origin": [8, 0, 8]},
			"faces": {
				"north": {"uv": [11, 13, 12, 16], "texture": "#1_1", "cullface": "north"},
				"east": {"uv": [11, 12, 12, 16], "rotation": 270, "texture": "#1_1"},
				"south": {"uv": [4, 13, 5, 16], "texture": "#1_1"},
				"west": {"uv": [0, 13, 4, 16], "texture": "#1_1"},
				"up": {"uv": [4, 0, 5, 4], "texture": "#1_1"},
				"down": {"uv": [4, 0, 5, 4], "rotation": 180, "texture": "#1_1", "cullface": "down"}
			}
		},
		{
			"name": "warped_trapdoor_16",
			"from": [12, 0, 0],
			"to": [13, 3, 3],
			"rotation": {"angle": 0, "axis": "y", "origin": [8, 0, 8]},
			"faces": {
				"north": {"uv": [3, 13, 4, 16], "texture": "#1_1", "cullface": "north"},
				"south": {"uv": [12, 13, 13, 16], "texture": "#1_1"},
				"up": {"uv": [12, 0, 13, 3], "texture": "#1_1"},
				"down": {"uv": [12, 0, 13, 3], "rotation": 180, "texture": "#1_1", "cullface": "down"}
			}
		},
		{
			"name": "warped_trapdoor_17",
			"from": [7, 0, 0],
			"to": [9, 3, 3],
			"rotation": {"angle": 0, "axis": "y", "origin": [8, 0, 8]},
			"faces": {
				"north": {"uv": [7, 13, 9, 16], "texture": "#1_1", "cullface": "north"},
				"south": {"uv": [7, 13, 9, 16], "texture": "#1_1"},
				"up": {"uv": [7, 0, 9, 3], "texture": "#1_1"},
				"down": {"uv": [9, 0, 7, 3], "rotation": 180, "texture": "#1_1", "cullface": "down"}
			}
		},
		{
			"name": "warped_trapdoor_18",
			"from": [5, 0, 0],
			"to": [6, 3, 3],
			"rotation": {"angle": 0, "axis": "y", "origin": [8, 0, 8]},
			"faces": {
				"north": {"uv": [10, 13, 11, 16], "texture": "#1_1", "cullface": "north"},
				"south": {"uv": [5, 13, 6, 16], "texture": "#1_1"},
				"up": {"uv": [5, 0, 6, 3], "texture": "#1_1"},
				"down": {"uv": [5, 0, 6, 3], "rotation": 180, "texture": "#1_1", "cullface": "down"}
			}
		},
		{
			"name": "warped_trapdoor_19",
			"from": [3, 0, 0],
			"to": [4, 3, 3],
			"rotation": {"angle": 0, "axis": "y", "origin": [8, 0, 8]},
			"faces": {
				"north": {"uv": [12, 13, 13, 16], "texture": "#1_1", "cullface": "north"},
				"south": {"uv": [3, 13, 4, 16], "texture": "#1_1"},
				"up": {"uv": [3, 0, 4, 3], "texture": "#1_1"},
				"down": {"uv": [3, 0, 4, 3], "rotation": 180, "texture": "#1_1", "cullface": "down"}
			}
		}
	],
	"groups": [
		{
			"name": "warped_trapdoor",
			"origin": [8, 8, 8],
			"color": 0,
			"children": [0, 1, 2, 3, 4, 5, 6, 7, 8, 9, 10, 11, 12, 13, 14, 15, 16, 17, 18, 19]
		}
	]
}