{
	"credit": "Made with Blockbench",
	"parent": "block/thin_block",
	"textures": {
		"0": "block/oak_planks",
		"particle": "block/oak_planks"
	},
	"elements": [
		{
			"name": "crimson_trapdoor_0",
			"from": [0, 0, 0],
			"to": [16, 3, 3],
			"faces": {
				"north": {"uv": [16, 13, 0, 16], "texture": "#0", "cullface": "north"},
				"east": {"uv": [13, 13, 16, 16], "texture": "#0", "cullface": "east"},
				"south": {"uv": [0, 2, 16, 3], "texture": "#0"},
				"west": {"uv": [0, 13, 3, 16], "texture": "#0", "cullface": "west"},
				"up": {"uv": [0, 0, 16, 3], "texture": "#0"},
				"down": {"uv": [0, 3, 16, 0], "texture": "#0", "cullface": "down"}
			}
		},
		{
			"name": "crimson_trapdoor_1",
			"from": [0, 0, 3],
			"to": [3, 3, 16],
			"faces": {
				"east": {"uv": [2, 3, 3, 16], "rotation": 90, "texture": "#0"},
				"south": {"uv": [0, 13, 3, 16], "texture": "#0", "cullface": "south"},
				"west": {"uv": [3, 13, 16, 16], "texture": "#0", "cullface": "west"},
				"up": {"uv": [0, 3, 3, 16], "texture": "#0"},
				"down": {"uv": [0, 16, 3, 3], "texture": "#0", "cullface": "down"}
			}
		},
		{
			"name": "crimson_trapdoor_2",
			"from": [13, 0, 3],
			"to": [16, 3, 16],
			"faces": {
				"east": {"uv": [0, 13, 13, 16], "texture": "#0", "cullface": "east"},
				"south": {"uv": [13, 13, 16, 16], "texture": "#0", "cullface": "south"},
				"west": {"uv": [13, 3, 14, 16], "rotation": 270, "texture": "#0"},
				"up": {"uv": [13, 3, 16, 16], "texture": "#0"},
				"down": {"uv": [13, 16, 16, 3], "texture": "#0", "cullface": "down"}
			}
		},
		{
			"name": "crimson_trapdoor_3",
			"from": [3, 0, 4],
			"to": [13, 3, 7],
			"faces": {
				"north": {"uv": [13, 4, 3, 5], "texture": "#0"},
				"south": {"uv": [3, 6, 13, 7], "texture": "#0"},
				"up": {"uv": [3, 4, 13, 7], "texture": "#0"},
				"down": {"uv": [3, 7, 13, 4], "texture": "#0", "cullface": "down"}
			}
		},
		{
			"name": "crimson_trapdoor_4",
			"from": [3, 0, 9],
			"to": [13, 3, 12],
			"faces": {
				"north": {"uv": [13, 9, 3, 10], "texture": "#0"},
				"south": {"uv": [3, 11, 13, 12], "texture": "#0"},
				"up": {"uv": [3, 9, 13, 12], "texture": "#0"},
				"down": {"uv": [3, 12, 13, 9], "texture": "#0", "cullface": "down"}
			}
		},
		{
			"name": "crimson_trapdoor_5",
			"from": [3, 0, 13],
			"to": [13, 3, 16],
			"faces": {
				"north": {"uv": [13, 13, 3, 14], "texture": "#0"},
				"south": {"uv": [3, 13, 13, 16], "texture": "#0", "cullface": "south"},
				"up": {"uv": [3, 13, 13, 16], "texture": "#0"},
				"down": {"uv": [3, 16, 13, 13], "texture": "#0", "cullface": "down"}
			}
		}
	],
	"groups": [
		{
			"name": "crimson_trapdoor",
			"origin": [8, 8, 8],
			"color": 0,
			"children": [0, 1, 2, 3, 4, 5]
		}
	]
}