{
	"credit": "Made with Blockbench",
	"parent": "block/thin_block",
	"textures": {
		"0": "block/oak_planks",
		"particle": "block/oak_planks"
	},
	"elements": [
		{
			"name": "oak_trapdoor_0",
			"from": [0, 0, 0],
			"to": [16, 3, 3],
			"faces": {
				"north": {"uv": [0, 13, 16, 16], "texture": "#0", "cullface": "north"},
				"east": {"uv": [13, 13, 16, 16], "texture": "#0", "cullface": "east"},
				"south": {"uv": [0, 13, 16, 16], "texture": "#0"},
				"west": {"uv": [0, 13, 3, 16], "texture": "#0", "cullface": "west"},
				"up": {"uv": [0, 0, 16, 3], "texture": "#0"},
				"down": {"uv": [0, 3, 16, 0], "texture": "#0", "cullface": "down"}
			}
		},
		{
			"name": "oak_trapdoor_1",
			"from": [0, 0, 3],
			"to": [3, 3, 16],
			"faces": {
				"east": {"uv": [0, 13, 13, 16], "texture": "#0"},
				"south": {"uv": [0, 13, 3, 16], "texture": "#0", "cullface": "south"},
				"west": {"uv": [3, 13, 16, 16], "texture": "#0", "cullface": "west"},
				"up": {"uv": [0, 3, 3, 16], "texture": "#0"},
				"down": {"uv": [0, 16, 3, 3], "texture": "#0", "cullface": "down"}
			}
		},
		{
			"name": "oak_trapdoor_2",
			"from": [6, 0, 3],
			"to": [10, 3, 16],
			"faces": {
				"east": {"uv": [0, 13, 13, 16], "texture": "#0"},
				"south": {"uv": [6, 13, 10, 16], "texture": "#0", "cullface": "south"},
				"west": {"uv": [3, 13, 16, 16], "texture": "#0"},
				"up": {"uv": [6, 3, 10, 16], "texture": "#0"},
				"down": {"uv": [6, 16, 10, 3], "texture": "#0", "cullface": "down"}
			}
		},
		{
			"name": "oak_trapdoor_3",
			"from": [13, 0, 3],
			"to": [16, 3, 16],
			"faces": {
				"east": {"uv": [0, 13, 13, 16], "texture": "#0", "cullface": "east"},
				"south": {"uv": [13, 13, 16, 16], "texture": "#0", "cullface": "south"},
				"west": {"uv": [3, 13, 16, 16], "texture": "#0"},
				"up": {"uv": [13, 3, 16, 16], "texture": "#0"},
				"down": {"uv": [13, 16, 16, 3], "texture": "#0", "cullface": "down"}
			}
		},
		{
			"name": "oak_trapdoor_4",
			"from": [3, 0, 6],
			"to": [6, 3, 10],
			"faces": {
				"north": {"uv": [10, 13, 13, 16], "texture": "#0"},
				"south": {"uv": [3, 13, 6, 16], "texture": "#0"},
				"up": {"uv": [3, 6, 6, 10], "texture": "#0"},
				"down": {"uv": [3, 10, 6, 6], "texture": "#0", "cullface": "down"}
			}
		},
		{
			"name": "oak_trapdoor_5",
			"from": [10, 0, 6],
			"to": [13, 3, 10],
			"faces": {
				"north": {"uv": [3, 13, 6, 16], "texture": "#0"},
				"south": {"uv": [10, 13, 13, 16], "texture": "#0"},
				"up": {"uv": [10, 6, 13, 10], "texture": "#0"},
				"down": {"uv": [10, 10, 13, 6], "texture": "#0", "cullface": "down"}
			}
		},
		{
			"name": "oak_trapdoor_6",
			"from": [3, 0, 13],
			"to": [6, 3, 16],
			"faces": {
				"north": {"uv": [10, 13, 13, 16], "texture": "#0"},
				"south": {"uv": [3, 13, 6, 16], "texture": "#0", "cullface": "south"},
				"up": {"uv": [3, 13, 6, 16], "texture": "#0"},
				"down": {"uv": [3, 16, 6, 13], "texture": "#0", "cullface": "down"}
			}
		},
		{
			"name": "oak_trapdoor_7",
			"from": [10, 0, 13],
			"to": [13, 3, 16],
			"faces": {
				"north": {"uv": [3, 13, 6, 16], "texture": "#0"},
				"south": {"uv": [10, 13, 13, 16], "texture": "#0", "cullface": "south"},
				"up": {"uv": [10, 13, 13, 16], "texture": "#0"},
				"down": {"uv": [10, 16, 13, 13], "texture": "#0", "cullface": "down"}
			}
		}
	],
	"groups": [
		{
			"name": "oak_trapdoor",
			"origin": [8, 8, 8],
			"color": 0,
			"children": [0, 1, 2, 3, 4, 5, 6, 7]
		}
	]
}