{
	"credit": "Made with Blockbench",
	"parent": "minecraft:block/door_bottom",
	"ambientocclusion": false,
	"textures": {
		"0": "block/oak_planks",
		"particle": "#0"
	},
	"elements": [
		{
			"name": "acacia_door_bottom_0",
			"from": [0, 0, 0],
			"to": [3, 16, 3],
			"faces": {
				"north": {"uv": [13, 0, 16, 16], "texture": "#0", "cullface": "north"},
				"east": {"uv": [0, 16, 3, 0], "rotation": 180, "texture": "#0"},
				"south": {"uv": [0, 0, 3, 16], "texture": "#0"},
				"west": {"uv": [0, 0, 3, 16], "texture": "#0", "cullface": "west"},
				"up": {"uv": [13, 0, 16, 3], "rotation": 270, "texture": "#0", "cullface": "up"},
				"down": {"uv": [0, 13, 3, 16], "rotation": 270, "texture": "#0", "cullface": "down"}
			}
		},
		{
			"name": "acacia_door_bottom_1",
			"from": [0, 15, 3],
			"to": [3, 16, 16],
			"faces": {
				"east": {"uv": [3, 1, 16, 0], "rotation": 180, "texture": "#0"},
				"south": {"uv": [0, 0, 3, 1], "texture": "#0", "cullface": "south"},
				"west": {"uv": [3, 0, 16, 1], "texture": "#0", "cullface": "west"},
				"up": {"uv": [0, 0, 13, 3], "rotation": 270, "texture": "#0", "cullface": "up"},
				"down": {"uv": [3, 13, 16, 16], "rotation": 270, "texture": "#0"}
			}
		},
		{
			"name": "acacia_door_bottom_2",
			"from": [0, 0, 5],
			"to": [3, 15, 7],
			"faces": {
				"north": {"uv": [13, 1, 16, 16], "texture": "#0"},
				"east": {"uv": [5, 16, 7, 1], "rotation": 180, "texture": "#0"},
				"south": {"uv": [0, 1, 3, 16], "texture": "#0"},
				"west": {"uv": [5, 1, 7, 16], "texture": "#0", "cullface": "west"},
				"down": {"uv": [5, 13, 7, 16], "rotation": 270, "texture": "#0", "cullface": "down"}
			}
		},
		{
			"name": "acacia_door_bottom_3",
			"from": [0, 0, 9],
			"to": [3, 15, 11],
			"faces": {
				"north": {"uv": [13, 1, 16, 16], "texture": "#0"},
				"east": {"uv": [9, 16, 11, 1], "rotation": 180, "texture": "#0"},
				"south": {"uv": [0, 1, 3, 16], "texture": "#0"},
				"west": {"uv": [9, 1, 11, 16], "texture": "#0", "cullface": "west"},
				"down": {"uv": [9, 13, 11, 16], "rotation": 270, "texture": "#0", "cullface": "down"}
			}
		},
		{
			"name": "acacia_door_bottom_4",
			"from": [0, 0, 13],
			"to": [3, 15, 16],
			"faces": {
				"north": {"uv": [13, 1, 16, 16], "texture": "#0"},
				"east": {"uv": [13, 16, 16, 1], "rotation": 180, "texture": "#0"},
				"south": {"uv": [0, 1, 3, 16], "texture": "#0", "cullface": "south"},
				"west": {"uv": [13, 1, 16, 16], "texture": "#0", "cullface": "west"},
				"down": {"uv": [13, 13, 16, 16], "rotation": 270, "texture": "#0", "cullface": "down"}
			}
		},
		{
			"name": "acacia_door_bottom_5",
			"from": [0, 0, 3],
			"to": [3, 3, 5],
			"faces": {
				"east": {"uv": [3, 16, 5, 13], "rotation": 180, "texture": "#0"},
				"west": {"uv": [3, 13, 5, 16], "texture": "#0", "cullface": "west"},
				"up": {"uv": [11, 0, 13, 3], "rotation": 270, "texture": "#0"},
				"down": {"uv": [3, 13, 5, 16], "rotation": 270, "texture": "#0", "cullface": "down"}
			}
		},
		{
			"name": "acacia_door_bottom_6",
			"from": [0, 0, 7],
			"to": [3, 3, 9],
			"faces": {
				"east": {"uv": [7, 16, 9, 13], "rotation": 180, "texture": "#0"},
				"west": {"uv": [7, 13, 9, 16], "texture": "#0", "cullface": "west"},
				"up": {"uv": [7, 0, 9, 3], "rotation": 270, "texture": "#0"},
				"down": {"uv": [7, 13, 9, 16], "rotation": 270, "texture": "#0", "cullface": "down"}
			}
		},
		{
			"name": "acacia_door_bottom_7",
			"from": [0, 0, 11],
			"to": [3, 3, 13],
			"faces": {
				"east": {"uv": [11, 16, 13, 13], "rotation": 180, "texture": "#0"},
				"west": {"uv": [11, 13, 13, 16], "texture": "#0", "cullface": "west"},
				"up": {"uv": [3, 0, 5, 3], "rotation": 270, "texture": "#0"},
				"down": {"uv": [11, 13, 13, 16], "rotation": 270, "texture": "#0", "cullface": "down"}
			}
		}
	],
	"groups": [
		{
			"name": "acacia_door_bottom",
			"origin": [8, 8, 8],
			"color": 0,
			"children": [0, 1, 2, 3, 4, 5, 6, 7]
		}
	]
}