{
	"credit": "Made with Blockbench",
	"parent": "minecraft:block/door_bottom",
	"ambientocclusion": false,
	"textures": {
		"2": "block/oak_planks",
		"particle": "#2"
	},
	"elements": [
		{
			"name": "birch_door_bottom_0",
			"from": [0, 0, 0],
			"to": [3, 16, 16],
			"faces": {
				"north": {"uv": [13, 0, 16, 16], "texture": "#2", "cullface": "north"},
				"east": {"uv": [0, 16, 16, 0], "rotation": 180, "texture": "#2"},
				"south": {"uv": [0, 0, 3, 16], "texture": "#2", "cullface": "south"},
				"west": {"uv": [0, 0, 16, 16], "texture": "#2", "cullface": "west"},
				"up": {"uv": [0, 0, 16, 3], "rotation": 270, "texture": "#2", "cullface": "up"},
				"down": {"uv": [0, 13, 16, 16], "rotation": 270, "texture": "#2", "cullface": "down"}
			}
		}
	],
	"gui_light": "front",
	"groups": [
		{
			"name": "birch_door_bottom",
			"origin": [8, 8, 8],
			"color": 0,
			"children": [0]
		}
	]
}