{
	"credit": "Made with Blockbench",
	"parent": "minecraft:block/door_bottom",
	"ambientocclusion": false,
	"textures": {
		"1": "block/oak_planks",
		"particle": "#1"
	},
	"elements": [
		{
			"name": "acacia_door_top_0",
			"from": [0, 13, 0],
			"to": [3, 16, 16],
			"faces": {
				"north": {"uv": [13, 0, 16, 3], "texture": "#1", "cullface": "north"},
				"east": {"uv": [0, 3, 16, 0], "rotation": 180, "texture": "#1"},
				"south": {"uv": [0, 0, 3, 3], "texture": "#1", "cullface": "south"},
				"west": {"uv": [0, 0, 16, 3], "texture": "#1", "cullface": "west"},
				"up": {"uv": [16, 0, 0, 3], "rotation": 270, "texture": "#1", "cullface": "up"},
				"down": {"uv": [0, 0, 16, 3], "rotation": 270, "texture": "#1"}
			}
		},
		{
			"name": "acacia_door_top_1",
			"from": [0, 0, 0],
			"to": [3, 13, 3],
			"faces": {
				"north": {"uv": [13, 3, 16, 16], "texture": "#1", "cullface": "north"},
				"east": {"uv": [0, 16, 3, 3], "rotation": 180, "texture": "#1"},
				"south": {"uv": [0, 3, 3, 16], "texture": "#1"},
				"west": {"uv": [0, 3, 3, 16], "texture": "#1", "cullface": "west"},
				"down": {"uv": [0, 13, 3, 16], "rotation": 270, "texture": "#1", "cullface": "down"}
			}
		},
		{
			"name": "acacia_door_top_2",
			"from": [0, 0, 5],
			"to": [3, 13, 7],
			"faces": {
				"north": {"uv": [13, 3, 16, 16], "texture": "#1"},
				"east": {"uv": [5, 16, 7, 3], "rotation": 180, "texture": "#1"},
				"south": {"uv": [0, 3, 3, 16], "texture": "#1"},
				"west": {"uv": [5, 3, 7, 16], "texture": "#1", "cullface": "west"},
				"down": {"uv": [5, 13, 7, 16], "rotation": 270, "texture": "#1", "cullface": "down"}
			}
		},
		{
			"name": "acacia_door_top_3",
			"from": [0, 0, 9],
			"to": [3, 13, 11],
			"faces": {
				"north": {"uv": [13, 3, 16, 16], "texture": "#1"},
				"east": {"uv": [9, 16, 11, 3], "rotation": 180, "texture": "#1"},
				"south": {"uv": [0, 3, 3, 16], "texture": "#1"},
				"west": {"uv": [9, 3, 11, 16], "texture": "#1", "cullface": "west"},
				"down": {"uv": [9, 13, 11, 16], "rotation": 270, "texture": "#1", "cullface": "down"}
			}
		},
		{
			"name": "acacia_door_top_4",
			"from": [0, 0, 13],
			"to": [3, 13, 16],
			"faces": {
				"north": {"uv": [13, 3, 16, 16], "texture": "#1"},
				"east": {"uv": [13, 16, 16, 3], "rotation": 180, "texture": "#1"},
				"south": {"uv": [0, 3, 3, 16], "texture": "#1", "cullface": "south"},
				"west": {"uv": [13, 3, 16, 16], "texture": "#1", "cullface": "west"},
				"down": {"uv": [13, 13, 16, 16], "rotation": 270, "texture": "#1", "cullface": "down"}
			}
		},
		{
			"name": "acacia_door_top_5",
			"from": [0, 0, 3],
			"to": [3, 1, 5],
			"faces": {
				"east": {"uv": [3, 16, 5, 15], "rotation": 180, "texture": "#1"},
				"west": {"uv": [3, 15, 5, 16], "texture": "#1", "cullface": "west"},
				"up": {"uv": [11, 0, 13, 3], "rotation": 270, "texture": "#1"},
				"down": {"uv": [3, 13, 5, 16], "rotation": 270, "texture": "#1", "cullface": "down"}
			}
		},
		{
			"name": "acacia_door_top_6",
			"from": [0, 0, 7],
			"to": [3, 1, 9],
			"faces": {
				"east": {"uv": [7, 16, 9, 15], "rotation": 180, "texture": "#1"},
				"west": {"uv": [7, 15, 9, 16], "texture": "#1", "cullface": "west"},
				"up": {"uv": [7, 0, 9, 3], "rotation": 270, "texture": "#1"},
				"down": {"uv": [7, 13, 9, 16], "rotation": 270, "texture": "#1", "cullface": "down"}
			}
		},
		{
			"name": "acacia_door_top_7",
			"from": [0, 0, 11],
			"to": [3, 1, 13],
			"faces": {
				"east": {"uv": [11, 16, 13, 15], "rotation": 180, "texture": "#1"},
				"west": {"uv": [11, 15, 13, 16], "texture": "#1", "cullface": "west"},
				"up": {"uv": [3, 0, 5, 3], "rotation": 270, "texture": "#1"},
				"down": {"uv": [11, 13, 13, 16], "rotation": 270, "texture": "#1", "cullface": "down"}
			}
		}
	],
	"groups": [
		{
			"name": "acacia_door_top",
			"origin": [8, 8, 8],
			"color": 0,
			"children": [0, 1, 2, 3, 4, 5, 6, 7]
		}
	]
}