{
	"credit": "Made with Blockbench",
	"parent": "minecraft:block/door_bottom",
	"ambientocclusion": false,
	"textures": {
		"0": "block/oak_planks",
		"particle": "#0"
	},
	"elements": [
		{
			"name": "iron_door_top_0",
			"from": [0, 13, 0],
			"to": [3, 16, 16],
			"faces": {
				"north": {"uv": [13, 0, 16, 3], "texture": "#0", "cullface": "north"},
				"east": {"uv": [0, 3, 16, 0], "rotation": 180, "texture": "#0"},
				"south": {"uv": [0, 0, 3, 3], "texture": "#0", "cullface": "south"},
				"west": {"uv": [0, 0, 16, 3], "texture": "#0", "cullface": "west"},
				"up": {"uv": [16, 0, 0, 3], "rotation": 270, "texture": "#0", "cullface": "up"},
				"down": {"uv": [0, 13, 16, 16], "rotation": 270, "texture": "#0"}
			}
		},
		{
			"name": "iron_door_top_1",
			"from": [0, 0, 0],
			"to": [3, 13, 3],
			"faces": {
				"north": {"uv": [13, 3, 16, 16], "texture": "#0", "cullface": "north"},
				"east": {"uv": [0, 16, 3, 3], "rotation": 180, "texture": "#0"},
				"south": {"uv": [0, 3, 3, 16], "texture": "#0"},
				"west": {"uv": [0, 3, 3, 16], "texture": "#0", "cullface": "west"},
				"down": {"uv": [0, 13, 3, 16], "rotation": 270, "texture": "#0", "cullface": "down"}
			}
		},
		{
			"name": "iron_door_top_2",
			"from": [0, 0, 7],
			"to": [3, 13, 9],
			"faces": {
				"north": {"uv": [13, 3, 16, 16], "texture": "#0"},
				"east": {"uv": [7, 16, 9, 3], "rotation": 180, "texture": "#0"},
				"south": {"uv": [0, 3, 3, 16], "texture": "#0"},
				"west": {"uv": [7, 3, 9, 16], "texture": "#0", "cullface": "west"},
				"down": {"uv": [7, 13, 9, 16], "rotation": 270, "texture": "#0", "cullface": "down"}
			}
		},
		{
			"name": "iron_door_top_3",
			"from": [0, 0, 13],
			"to": [3, 13, 16],
			"faces": {
				"north": {"uv": [13, 3, 16, 16], "texture": "#0"},
				"east": {"uv": [13, 16, 16, 3], "rotation": 180, "texture": "#0"},
				"south": {"uv": [0, 3, 3, 16], "texture": "#0", "cullface": "south"},
				"west": {"uv": [13, 3, 16, 16], "texture": "#0", "cullface": "west"},
				"down": {"uv": [13, 13, 16, 16], "rotation": 270, "texture": "#0", "cullface": "down"}
			}
		},
		{
			"name": "iron_door_top_4",
			"from": [0, 8, 3],
			"to": [3, 10, 7],
			"faces": {
				"east": {"uv": [3, 8, 7, 6], "rotation": 180, "texture": "#0"},
				"west": {"uv": [3, 6, 7, 8], "texture": "#0", "cullface": "west"},
				"up": {"uv": [3, 0, 7, 3], "rotation": 270, "texture": "#0"},
				"down": {"uv": [9, 13, 13, 16], "rotation": 270, "texture": "#0"}
			}
		},
		{
			"name": "iron_door_top_5",
			"from": [0, 8, 9],
			"to": [3, 10, 13],
			"faces": {
				"east": {"uv": [9, 8, 13, 6], "rotation": 180, "texture": "#0"},
				"west": {"uv": [9, 6, 13, 8], "texture": "#0", "cullface": "west"},
				"up": {"uv": [9, 0, 13, 3], "rotation": 270, "texture": "#0"},
				"down": {"uv": [3, 13, 7, 16], "rotation": 270, "texture": "#0"}
			}
		},
		{
			"name": "iron_door_top_6",
			"from": [0, 0, 3],
			"to": [3, 5, 7],
			"faces": {
				"east": {"uv": [3, 16, 7, 11], "rotation": 180, "texture": "#0"},
				"west": {"uv": [3, 11, 7, 16], "texture": "#0", "cullface": "west"},
				"up": {"uv": [9, 0, 13, 3], "rotation": 270, "texture": "#0"},
				"down": {"uv": [3, 13, 7, 16], "rotation": 270, "texture": "#0", "cullface": "down"}
			}
		},
		{
			"name": "iron_door_top_7",
			"from": [0, 0, 9],
			"to": [3, 5, 13],
			"faces": {
				"east": {"uv": [9, 16, 13, 11], "rotation": 180, "texture": "#0"},
				"west": {"uv": [9, 11, 13, 16], "texture": "#0", "cullface": "west"},
				"up": {"uv": [3, 0, 7, 3], "rotation": 270, "texture": "#0"},
				"down": {"uv": [9, 13, 13, 16], "rotation": 270, "texture": "#0", "cullface": "down"}
			}
		}
	],
	"groups": [
		{
			"name": "iron_door_top",
			"origin": [8, 8, 8],
			"color": 0,
			"children": [0, 1, 2, 3, 4, 5, 6, 7]
		}
	]
}